Make,Model,Year,Acquisition Price,Sale Price,Profit,Sale Date,sale id,vehicle id,Customer ID,payment_method,salesman_id,add_ons,days_on_lot
Volvo,XC60,2016,35890,39601,3891,1/1/16,484,237,411,Financing,10,180,61
Acura,TLX,2016,28668,32078,4686,1/7/16,847,770,718,Financing,5,1276,89
Volkswagen,Tiguan,2016,26558,29540,4825,1/9/16,345,612,296,Financing,4,1843,51
Tesla,Model 3,2016,25624,29226,5189,1/9/16,805,766,684,Financing,2,1587,39
Acura,TLX,2016,26277,33128,8309,1/10/16,646,640,549,Financing,6,1458,40
Jeep,Renegade,2016,16964,22227,5632,1/11/16,596,747,508,Financing,9,369,73
Mazda,CX-5,2016,27642,35927,8854,1/15/16,565,846,481,Financing,11,569,82
Acura,TLX,2016,11726,15314,4271,1/19/16,171,285,147,Financing,12,683,7
Mercedes-Benz,GLE,2016,37002,39527,2870,1/25/16,366,407,314,Financing,5,345,74
Acura,TLX,2016,28628,37932,10318,1/26/16,379,35,326,Financing,4,1014,47
Infiniti,QX70,2016,33795,40529,8561,1/29/16,876,353,744,Financing,8,1827,37
Dodge,Charger,2016,27133,30782,3851,2/7/16,309,224,265,Financing,10,202,30
Audi,Q5,2016,29110,38626,10642,2/8/16,583,535,496,Financing,10,1126,86
BMW,X5,2016,57901,63188,6569,2/15/16,251,120,217,Financing,4,1282,19
Infiniti,Q50,2016,29614,32111,4161,2/18/16,619,540,526,Financing,9,1664,85
Mercedes-Benz,GLE,2016,38612,45672,7151,2/28/16,76,898,65,Financing,5,91,30
Tesla,Model 3,2016,30823,32723,3039,2/28/16,489,421,415,Financing,7,1139,87
Tesla,Model 3,2016,32423,35514,4790,3/1/16,934,680,794,Financing,2,1699,27
Toyota,RAV4,2016,27578,31754,6019,3/3/16,594,746,506,Financing,10,1843,40
Nissan,Rogue,2016,25392,26471,2524,3/4/16,863,673,731,Financing,6,1445,40
Dodge,Charger,2016,31777,34192,2925,3/6/16,871,874,739,Financing,7,510,5
Kia,Optima,2016,22024,28143,7201,3/10/16,41,689,35,Financing,9,1082,1
Tesla,Model 3,2016,23004,27247,4716,3/15/16,664,545,564,Financing,2,473,26
Mercedes-Benz,GLC,2016,29441,36799,8635,3/16/16,671,334,570,Financing,6,1277,1
Infiniti,QX60,2016,44169,48147,5649,3/16/16,864,89,733,Financing,11,1671,5
Honda,CR-V,2016,29929,35622,6843,3/17/16,615,251,522,Financing,7,1150,25
Infiniti,Q50,2016,34963,39165,5664,3/18/16,308,505,264,Financing,11,1462,60
Hyundai,Tucson,2016,34273,35432,3145,3/26/16,642,850,545,Financing,7,1986,26
Mazda,CX-5,2016,30362,35293,6618,3/27/16,769,457,653,Financing,2,1687,29
Tesla,Model 3,2016,27726,29474,2220,3/28/16,356,34,306,Financing,3,472,57
Jeep,Cherokee,2016,25111,27425,3286,3/29/16,249,604,215,Financing,9,972,26
Tesla,Model 3,2016,30949,38335,8425,3/29/16,691,856,589,Financing,9,1039,47
Tesla,Model 3,2016,27714,36259,9107,3/30/16,445,619,378,Financing,11,562,26
Infiniti,Q50,2016,26498,28912,4012,4/4/16,197,383,172,Financing,7,1598,34
Acura,ILX,2016,33850,38466,4792,4/4/16,793,350,674,Financing,11,176,53
Kia,Sportage,2016,29331,31031,2912,4/6/16,635,61,540,Financing,3,1212,64
Volkswagen,Golf,2016,23417,30963,8479,4/7/16,916,774,779,Financing,8,933,23
Acura,TLX,2016,20439,26072,7432,4/8/16,447,833,380,Financing,9,1799,35
Tesla,Model 3,2016,27257,30493,4813,4/9/16,193,289,168,Financing,3,1577,10
Mercedes-Benz,GLC,2016,36097,39500,4090,4/9/16,433,137,369,Financing,3,687,54
Acura,ILX,2016,27942,29004,1458,4/11/16,720,165,615,Financing,2,396,86
Tesla,Model 3,2016,25207,33524,9377,4/12/16,375,513,324,Financing,1,1060,5
Tesla,Model 3,2016,25634,32899,8661,4/13/16,947,470,804,Financing,12,1396,60
Acura,ILX,2016,32089,36500,5530,4/15/16,624,331,531,Financing,7,1119,12
Infiniti,Q50,2016,43682,45487,3243,4/15/16,945,993,803,Financing,5,1438,63
Chevrolet,Silverado,2016,42018,43686,3060,4/19/16,775,348,659,Financing,7,1392,10
Tesla,Model 3,2016,24399,28408,5245,4/21/16,928,467,791,Financing,2,1236,39
Tesla,Model X,2016,55176,67516,14203,4/22/16,160,702,137,Financing,3,1863,14
Jeep,Grand Cherokee,2016,45395,47809,3326,4/24/16,848,87,717,Financing,11,912,13
Ford,Escape,2016,24999,32110,8581,4/30/16,637,255,541,Financing,3,1470,54
Acura,TLX,2016,20806,27260,8302,5/3/16,537,51,456,Financing,3,1848,51
Mercedes-Benz,GLC,2016,31790,42971,13023,5/8/16,260,606,224,Financing,12,1842,38
Tesla,Model 3,2016,35735,44828,10552,5/12/16,1,576,2,Financing,1,1459,66
Nissan,Rogue,2016,21777,25278,3953,5/12/16,660,852,561,Financing,2,452,83
Audi,Q7,2016,55974,58057,3237,5/15/16,385,514,331,Financing,5,1154,36
Volvo,XC60,2016,46707,56698,10740,5/15/16,440,234,375,Financing,10,749,53
Mazda,Mazda6,2016,20798,22437,2599,5/16/16,175,704,151,Financing,10,960,38
Audi,A6,2016,43361,48930,6073,5/18/16,910,988,772,Financing,8,504,38
Dodge,Journey,2016,22180,28490,8162,5/19/16,925,564,786,Financing,8,1852,82
Tesla,Model 3,2016,48898,51029,2711,5/21/16,638,638,542,Financing,1,580,65
Subaru,Legacy,2016,28769,35233,7669,5/21/16,883,91,749,Financing,1,1205,81
Acura,TLX,2016,28248,31081,3926,5/26/16,875,463,745,Financing,3,1093,60
Jeep,Renegade,2016,28807,34030,5835,5/27/16,176,379,153,Financing,2,612,64
Tesla,Model 3,2016,38416,43585,5867,5/27/16,287,397,248,Financing,11,698,35
Mercedes-Benz,GLE,2016,51683,59143,8991,5/27/16,912,97,774,Financing,11,1531,7
Kia,Optima,2016,25102,27287,3685,5/29/16,98,483,83,Financing,7,1500,34
Tesla,Model 3,2016,38849,42847,4395,6/8/16,421,415,359,Financing,5,397,11
Volvo,S60,2016,43580,46111,2626,6/9/16,768,761,653,Financing,9,95,46
Infiniti,QX60,2016,57442,66793,9974,6/12/16,365,929,315,Financing,7,623,38
Subaru,Impreza,2016,31526,36814,5915,6/12/16,392,231,336,Financing,8,627,74
Tesla,Model 3,2016,32670,36438,5199,6/12/16,962,567,815,Financing,8,1431,90
Tesla,Model 3,2016,34005,43490,11073,6/16/16,820,867,696,Financing,9,1588,20
Nissan,Pathfinder,2016,46651,53621,7830,6/20/16,640,437,543,Financing,4,860,53
Tesla,Model 3,2016,26348,36170,10662,6/24/16,62,369,55,Financing,7,840,47
Mercedes-Benz,GLE,2016,59445,66289,7839,6/29/16,106,205,90,Financing,8,995,55
Mercedes-Benz,GLC,2016,49539,55334,6048,6/29/16,400,412,342,Financing,6,253,12
Ford,Escape,2016,26170,27415,1832,6/29/16,843,86,713,Financing,5,587,62
Dodge,Journey,2016,20045,28973,10836,7/2/16,631,849,538,Financing,7,1908,85
Tesla,Model 3,2016,34094,38358,6190,7/4/16,744,168,630,Financing,11,1926,37
Subaru,Impreza,2016,32596,36665,5088,7/17/16,459,834,391,Financing,8,1019,59
Acura,ILX,2016,29266,34369,5869,7/19/16,312,297,269,Financing,3,766,5
Tesla,Model 3,2016,24478,26220,2021,7/19/16,480,942,407,Financing,10,279,49
Tesla,Model 3,2016,27012,29095,3085,7/22/16,571,150,487,Financing,9,1002,67
Mercedes-Benz,GLC,2016,36441,44835,9456,7/24/16,524,841,445,Financing,10,1062,32
BMW,X5,2016,53942,58878,6076,7/29/16,919,678,780,Financing,8,1140,42
Volvo,V60,2016,35442,38948,4592,7/30/16,143,699,122,Financing,4,1086,26
Kia,Sorento,2016,36125,38739,3494,8/9/16,369,615,318,Financing,1,880,47
Volkswagen,Tiguan,2016,26234,29094,3876,8/10/16,367,821,316,Financing,4,1016,13
Infiniti,QX70,2016,65587,66641,1322,8/11/16,595,433,507,Financing,11,268,25
Jeep,Renegade,2016,29104,33851,5610,8/13/16,342,511,294,Financing,1,863,67
Tesla,Model 3,2016,31983,35482,5131,8/13/16,452,938,386,Financing,6,1632,2
Volvo,XC90,2016,50008,54144,5148,8/15/16,618,636,525,Financing,4,1012,86
Mercedes-Benz,GLE,2016,48296,57060,8983,8/17/16,291,716,252,Financing,1,219,60
Tesla,Model 3,2016,24274,31472,8690,8/17/16,816,975,695,Financing,1,1492,59
Jeep,Renegade,2016,29555,37223,8143,8/17/16,899,356,762,Financing,7,475,59
Tesla,Model 3,2016,34952,38425,5104,8/19/16,686,64,585,Financing,6,1631,61
Lexus,NX,2016,36447,40370,4760,8/21/16,570,629,484,Financing,10,837,20
Mercedes-Benz,GLE,2016,44623,51366,7445,8/27/16,99,588,84,Financing,12,702,6
Infiniti,QX70,2016,52218,58878,8094,8/27/16,255,919,220,Financing,12,1434,47
Dodge,Challenger,2016,42716,46249,5291,8/27/16,500,525,424,Financing,2,1758,16
Jeep,Renegade,2016,26039,31309,6148,8/31/16,456,140,388,Financing,3,878,82
Lexus,NX,2016,30063,38044,9919,9/2/16,798,79,678,Financing,12,1938,88
Mercedes-Benz,GLE,2016,48949,51186,3602,9/3/16,566,628,481,Financing,10,1365,2
Mazda,CX-5,2016,35563,38132,3301,9/3/16,836,670,710,Financing,5,732,20
Mercedes-Benz,GLE,2016,54248,56183,3931,9/3/16,907,357,769,Financing,9,1996,42
Honda,Pilot,2016,45439,47643,3951,9/6/16,986,572,837,Financing,9,1747,29
Infiniti,QX70,2016,58675,67030,9311,9/12/16,707,966,604,Financing,7,956,15
Mercedes-Benz,GLE,2016,45377,47211,3171,9/14/16,32,893,29,Financing,12,1337,74
Tesla,Model S,2016,48047,51251,3706,9/14/16,184,805,159,Financing,2,502,86
BMW,X5,2016,46570,46263,1645,9/16/16,519,738,440,Financing,1,1952,74
Audi,Q7,2016,64751,71885,9029,9/19/16,173,286,148,Financing,7,1895,3
Dodge,Durango,2016,41015,42846,2570,10/2/16,977,686,831,Financing,12,739,79
Tesla,Model 3,2016,37939,38059,1414,10/3/16,5,363,3,Financing,3,1294,56
Jeep,Wrangler,2016,35619,42952,8589,10/9/16,797,765,677,Financing,5,1256,49
Volkswagen,Tiguan,2016,28835,28374,948,10/13/16,516,947,437,Financing,10,1409,3
Tesla,Model 3,2016,26490,29221,4565,10/13/16,520,146,442,Financing,12,1834,34
Tesla,Model 3,2016,27719,32199,5435,10/14/16,31,103,26,Financing,8,955,53
Mercedes-Benz,GLE,2016,45417,48876,4383,10/25/16,990,573,840,Financing,2,924,39
Mercedes-Benz,GLE,2016,45620,47181,2926,10/29/16,790,77,670,Financing,7,1365,37
Lexus,NX,2016,31356,38033,8643,11/1/16,509,839,431,Financing,1,1966,51
BMW,5 Series,2016,49601,52082,2877,11/1/16,789,174,671,Financing,5,396,25
Hyundai,Sonata,2016,28915,30895,3330,11/1/16,872,560,740,Financing,10,1350,48
Audi,Q5,2016,46936,46815,1557,11/4/16,210,384,183,Financing,12,1678,70
Tesla,Model S,2016,55795,59429,4715,11/5/16,620,330,527,Financing,4,1081,27
Mercedes-Benz,GLE,2016,42688,47277,5698,11/15/16,648,158,550,Financing,7,1109,36
Infiniti,QX60,2016,45175,47566,4357,11/20/16,83,797,71,Financing,8,1966,79
Volkswagen,Passat,2016,29041,28335,862,11/23/16,708,649,603,Financing,4,1568,89
Tesla,Model 3,2016,30291,35951,6619,11/26/16,455,733,389,Financing,8,959,34
Toyota,Highlander,2016,33004,34387,1516,11/30/16,918,879,781,Financing,9,133,10
Mercedes-Benz,GLE,2016,54550,58281,4479,12/2/16,209,707,183,Financing,5,748,59
Volkswagen,Jetta,2016,24519,28301,5290,12/5/16,59,691,51,Financing,2,1508,54
Hyundai,Sonata,2016,29486,35342,7039,12/8/16,376,616,325,Financing,8,1183,29
Dodge,Journey,2016,20852,25438,5663,12/8/16,573,53,486,Financing,6,1077,2
Acura,ILX,2016,23257,32863,10535,12/9/16,162,802,139,Financing,8,929,28
Tesla,Model 3,2016,25785,29100,3852,12/10/16,528,842,449,Financing,3,537,65
Mazda,Mazda6,2016,22007,23190,1908,12/25/16,174,287,149,Financing,6,725,23
Tesla,Model X,2016,76089,81183,5991,12/26/16,75,198,63,Financing,4,897,50
Infiniti,QX60,2016,48924,47256,206,12/27/16,855,871,725,Financing,12,1874,9
Lexus,NX,2015,35428,42665,8765,1/5/15,57,5,50,Financing,3,1528,12
Chevrolet,Traverse,2015,27069,34723,9038,1/7/15,903,95,766,Financing,12,1384,13
BMW,X5,2015,48711,54873,7117,1/10/15,78,795,67,Financing,6,955,51
Jeep,Renegade,2015,27472,31622,5532,2/1/15,252,218,217,Financing,10,1382,84
Jeep,Renegade,2015,22486,28858,7857,2/2/15,112,798,96,Financing,4,1485,4
Audi,A6,2015,38731,43453,5876,2/13/15,58,895,51,Financing,9,1154,65
Mercedes-Benz,E-Class,2015,49430,55864,7133,2/16/15,44,690,39,Financing,1,699,4
Lexus,NX,2015,35129,34098,217,2/25/15,295,398,254,Financing,9,1248,9
Subaru,Forester,2015,21990,26224,6189,3/1/15,86,201,74,Financing,12,1955,5
BMW,5 Series,2015,37591,39553,3402,4/10/15,715,341,609,Financing,6,1440,16
BMW,5 Series,2015,40122,46800,7320,4/13/15,180,804,156,Financing,6,642,74
Mercedes-Benz,E-Class,2015,42576,49183,7255,4/13/15,256,392,220,Financing,12,648,1
Dodge,Journey,2015,29860,34188,5826,4/14/15,699,68,596,Financing,6,1498,81
Volvo,S60,2015,39380,42251,4564,4/16/15,600,634,511,Financing,12,1693,26
Acura,TLX,2015,29473,35563,8066,4/17/15,225,915,196,Financing,1,1976,31
Acura,ILX,2015,29683,34395,6291,4/25/15,920,359,783,Financing,8,1579,53
Nissan,Altima,2015,25793,26282,714,5/11/15,450,520,383,Financing,7,225,90
Acura,ILX,2015,24403,31242,8518,5/17/15,645,959,548,Financing,11,1679,11
Toyota,RAV4,2015,26244,34003,9481,5/23/15,217,385,189,Financing,7,1722,4
Hyundai,Sonata,2015,28196,35982,9050,6/4/15,200,913,175,Financing,11,1264,83
Subaru,Impreza,2015,24880,26588,2716,6/7/15,767,456,652,Financing,6,1008,39
Volkswagen,Jetta,2015,18441,24942,8405,6/13/15,784,172,667,Financing,7,1904,14
Nissan,Sentra,2015,15471,19218,3836,6/16/15,732,452,624,Financing,8,89,39
Mercedes-Benz,E-Class,2015,46479,50551,5201,6/17/15,95,586,81,Financing,1,1129,84
Acura,RDX,2015,42331,46462,5858,6/19/15,979,996,832,Financing,4,1727,32
Infiniti,QX60,2015,42272,57965,16888,6/20/15,469,835,398,Financing,9,1195,49
Honda,CR-V,2015,34883,39514,5016,6/22/15,27,788,24,Financing,2,385,5
Subaru,Outback,2015,29704,36253,7805,6/22/15,941,187,800,Financing,10,1256,83
Toyota,Camry,2015,29948,31482,2633,6/30/15,643,62,546,Financing,9,1099,29
Honda,Pilot,2015,39412,41769,2846,7/10/15,515,240,436,Financing,10,489,55
Tesla,Model X,2015,40342,44181,3999,7/12/15,418,935,358,Financing,6,160,40
Ford,Focus,2015,22021,46028,24566,7/12/15,628,254,534,Financing,3,559,10
Chevrolet,Malibu,2015,27772,32117,4723,7/27/15,153,210,129,Financing,12,378,26
Chevrolet,Silverado,2015,27938,30662,4543,8/1/15,220,914,192,Financing,4,1819,62
Volvo,XC60,2015,45424,49515,4631,8/2/15,213,24,185,Financing,10,540,53
Acura,RDX,2015,37775,39156,3300,8/6/15,426,233,364,Financing,3,1919,90
Volkswagen,Tiguan,2015,26245,27447,1574,8/13/15,964,273,817,Financing,12,372,50
Mercedes-Benz,E-Class,2015,59675,63292,4408,8/18/15,124,208,107,Financing,7,791,5
Infiniti,QX70,2015,57900,58830,2465,9/4/15,467,418,398,Financing,3,1535,88
Infiniti,Q50,2015,35359,40345,5427,9/5/15,275,122,237,Financing,2,441,40
Tesla,Model X,2015,66684,66312,124,9/5/15,696,67,594,Financing,8,496,83
Infiniti,QX70,2015,44334,49242,5674,9/16/15,186,212,160,Financing,5,766,90
Hyundai,Elantra,2015,26831,33625,7389,9/17/15,786,76,667,Financing,11,595,68
Chevrolet,Equinox,2015,17972,22282,6155,9/20/15,97,587,82,Financing,12,1845,69
Hyundai,Sonata,2015,28001,29872,3196,10/28/15,723,858,618,Financing,7,1325,79
Acura,TLX,2015,28160,37309,10425,10/31/15,727,343,620,Financing,12,1276,9
BMW,3 Series,2015,36727,43883,8347,11/7/15,852,982,723,Financing,1,1191,56
Infiniti,QX70,2015,59682,65395,7292,11/16/15,232,386,201,Financing,1,1579,84
Volvo,V60,2015,27504,33862,7557,11/24/15,523,627,444,Financing,8,1199,55
Acura,ILX,2015,26398,34298,8791,11/27/15,195,21,169,Financing,12,891,67
Nissan,Rogue,2015,20039,22193,3883,12/5/15,412,826,353,Financing,10,1729,72
Volvo,XC60,2015,25875,32563,8324,12/23/15,711,967,606,Financing,9,1636,26
Mercedes-Benz,GLC,2015,25323,27363,3861,1/6/16,233,387,201,Financing,8,1821,4
Jeep,Wrangler,2015,42211,50049,8029,1/16/16,762,74,646,Financing,10,191,34
Chevrolet,Equinox,2015,20400,19270,107,1/23/16,766,346,651,Financing,12,1237,32
Infiniti,QX60,2015,35430,34638,84,1/25/16,586,54,499,Financing,3,876,74
Ford,F-150,2015,45300,44850,1213,1/26/16,235,709,204,Financing,2,1663,51
Infiniti,QX80,2015,55587,59777,5861,1/26/16,971,360,823,Financing,11,1671,36
Infiniti,QX70,2015,47178,51938,4876,2/3/16,612,539,519,Financing,4,116,34
Volvo,V60,2015,40550,42007,3057,2/3/16,714,754,608,Financing,7,1600,10
Infiniti,QX70,2015,52926,51737,381,2/4/16,172,493,150,Financing,10,1570,18
Mazda,CX-5,2015,29103,30715,1701,2/5/16,968,885,822,Financing,7,89,76
Acura,RDX,2015,29755,33871,6114,2/13/16,265,219,227,Financing,2,1998,3
Dodge,Durango,2015,29148,38686,9979,2/21/16,685,444,584,Financing,1,441,49
Volvo,V60,2015,26164,27703,3520,3/3/16,245,391,213,Financing,9,1981,44
Volvo,V60,2015,32677,34204,2663,3/24/16,272,922,235,Financing,4,1136,44
Volvo,S60,2015,27775,31677,5589,4/11/16,20,3,17,Financing,10,1687,49
Jeep,Wrangler,2015,29026,29873,2263,4/17/16,616,749,523,Financing,6,1416,76
Mazda,Mazda6,2015,23104,32449,9552,5/5/16,384,132,330,Financing,5,207,36
Kia,Sportage,2015,26978,35990,10673,5/7/16,298,504,256,Financing,1,1661,35
Acura,ILX,2015,26992,25834,737,5/13/16,89,901,75,Financing,2,1895,4
Dodge,Journey,2015,22753,25835,3945,5/17/16,198,599,173,Financing,1,863,8
Kia,Optima,2015,26063,27365,1943,5/24/16,290,815,251,Financing,4,641,62
Acura,TLX,2015,32768,31812,365,5/26/16,360,724,310,Financing,6,1321,68
Lexus,IS,2015,31369,34979,4732,6/6/16,815,83,690,Financing,3,1122,77
Jeep,Grand Cherokee,2015,37930,44072,6666,6/24/16,214,215,186,Financing,6,524,21
Lexus,NX,2015,40140,47051,8514,6/25/16,419,828,358,Financing,11,1603,41
Ford,Explorer,2015,36292,43850,7837,7/4/16,315,608,271,Financing,10,279,78
Lexus,NX,2015,41240,48874,7713,7/7/16,930,98,789,Financing,7,79,77
Tesla,Model X,2015,60328,66315,7890,7/8/16,787,863,668,Financing,12,1903,18
Mercedes-Benz,GLC,2015,45260,47485,4207,8/15/16,555,244,472,Financing,11,1982,74
Tesla,Model X,2015,76827,81721,6189,8/22/16,634,435,539,Financing,2,1295,46
Lexus,ES,2015,49732,53202,5019,9/1/16,942,991,801,Financing,10,1549,71
Volvo,V60,2015,35572,40996,7415,9/19/16,394,728,338,Financing,1,1991,72
Volvo,V60,2015,33530,38052,5020,9/23/16,726,755,621,Financing,9,498,48
Infiniti,Q50,2015,37654,36890,599,9/26/16,74,897,64,Financing,8,1363,82
Infiniti,Q50,2015,37391,39322,3905,9/29/16,608,958,517,Financing,10,1974,85
Kia,Optima,2015,26410,31940,7034,10/5/16,457,521,390,Financing,10,1504,17
Infiniti,QX60,2015,54404,56481,2710,10/10/16,858,179,727,Financing,9,633,25
Infiniti,QX60,2015,59348,65052,6728,10/10/16,905,677,767,Financing,4,1024,89
Mazda,CX-5,2015,32789,39279,7174,10/14/16,540,147,458,Financing,9,684,34
Infiniti,Q50,2015,29600,32148,2949,10/25/16,100,694,85,Financing,11,401,53
Kia,Sportage,2015,27732,26880,448,10/25/16,422,40,360,Financing,8,1300,23
Volvo,V60,2015,69621,72799,4762,11/6/16,39,195,33,Financing,11,1584,78
Infiniti,QX80,2015,59502,58626,906,11/7/16,694,163,592,Financing,12,1782,80
Mercedes-Benz,GLC,2015,34464,39554,5427,11/24/16,121,591,104,Financing,10,337,51
Lexus,IS,2015,32095,35098,4688,11/25/16,21,892,18,Financing,10,1685,33
Acura,TLX,2015,35637,43317,9437,11/29/16,672,546,571,Financing,6,1757,89
Acura,TLX,2015,38585,38240,42,12/8/16,66,281,57,Financing,10,387,85
Acura,TLX,2015,28271,31573,3819,12/9/16,475,143,402,Financing,6,517,85
Mercedes-Benz,C-Class,2015,33925,36072,3560,12/13/16,92,902,79,Financing,10,1413,74
Mazda,CX-5,2015,26681,28550,3675,12/26/16,572,52,485,Financing,9,1806,11
Lexus,NX,2015,33967,34410,1767,12/26/16,874,562,742,Financing,1,1324,18
BMW,5 Series,2015,49725,54566,6231,12/29/16,77,899,66,Financing,11,1390,79
Kia,Sportage,2015,32164,38726,8368,12/30/16,49,279,41,Financing,2,1806,65
Acura,RDX,2014,48854,14003,-34823,1/8/14,860,556,729,Financing,8,28,9
Chevrolet,Traverse,2014,37739,9069,-28595,1/25/14,799,175,679,Financing,7,75,68
Nissan,Pathfinder,2014,45909,15131,-30192,1/28/14,393,308,337,Financing,4,586,38
Hyundai,Elantra,2014,29839,38974,9289,2/9/14,514,840,435,Financing,5,154,29
Dodge,Durango,2014,37041,12228,-23639,3/6/14,821,84,697,Financing,10,1174,63
Mazda,Mazda3,2014,23009,29387,6762,3/23/14,296,816,254,Financing,7,384,34
Infiniti,QX60,2014,47998,10361,-36726,3/29/14,663,853,562,Financing,4,911,62
Infiniti,QX70,2014,56577,11192,-44570,4/8/14,109,589,93,Financing,6,815,16
Infiniti,QX60,2014,45931,9131,-35100,4/12/14,258,811,222,Financing,3,1700,14
Acura,MDX,2014,43859,15358,-26858,4/16/14,581,632,494,Financing,4,1643,53
Volvo,XC60,2014,43183,24907,-18226,4/17/14,558,245,473,Financing,2,50,33
Nissan,Pathfinder,2014,41238,16632,-22834,4/18/14,120,207,103,Financing,2,1772,61
Mazda,CX-5,2014,27604,26478,-146,5/5/14,492,944,417,Financing,3,980,83
Volkswagen,Golf,2014,23924,16173,-5765,5/31/14,339,610,290,Financing,6,1986,39
Acura,ILX,2014,27354,12954,-13765,6/1/14,598,748,509,Financing,4,635,22
Audi,Q5,2014,39407,32851,-5041,6/11/14,25,366,22,Financing,12,1515,6
Subaru,Forester,2014,28605,17123,-11220,6/16/14,362,726,311,Financing,4,262,66
Hyundai,Sonata,2014,27986,20553,-6514,6/22/14,760,659,646,Financing,5,919,42
Tesla,Model S,2014,56898,14009,-41733,6/22/14,831,769,708,Financing,7,1156,87
Audi,A6,2014,45197,17767,-26014,7/3/14,853,555,724,Financing,8,1416,29
Chevrolet,Equinox,2014,24839,24553,790,7/18/14,578,743,492,Financing,6,1076,37
Nissan,Rogue,2014,28309,38214,11118,8/31/14,561,534,477,Financing,6,1213,19
Dodge,Charger,2014,24131,22026,-1768,10/7/14,411,135,352,Financing,10,337,37
Lexus,NX,2014,29885,17670,-10316,10/29/14,54,107,47,Financing,4,1899,34
Infiniti,Q50,2014,31233,16699,-14318,11/13/14,126,698,109,Financing,4,216,42
Kia,Sportage,2014,29934,15832,-12808,11/15/14,110,488,94,Financing,12,1294,8
Ford,Focus,2014,23824,33783,10687,11/17/14,788,173,669,Financing,3,728,62
Acura,ILX,2014,26297,27367,1354,11/20/14,721,72,614,Financing,4,284,85
Ford,Escape,2014,17236,22118,6766,11/22/14,407,413,348,Financing,2,1884,43
Jeep,Cherokee,2014,24902,31726,8048,12/5/14,326,403,280,Financing,9,1224,14
Jeep,Grand Cherokee,2014,31884,29091,-2269,12/12/14,533,950,452,Financing,7,524,59
Lexus,RX,2014,40765,18045,-21661,12/14/14,211,808,185,Financing,6,1059,22
Dodge,Durango,2014,43731,33698,-8890,12/16/14,389,823,334,Financing,12,1143,69
Infiniti,Q50,2014,36430,36228,444,12/23/14,61,793,53,Financing,12,646,57
Infiniti,Q50,2014,36993,14942,-21541,12/27/14,42,105,36,Financing,1,510,51
Ford,F-150,2014,35704,18585,-15787,12/28/14,22,277,19,Financing,9,1332,1
Honda,Civic,2014,20606,20034,83,1/14/15,597,327,507,Financing,5,655,66
Infiniti,QX80,2014,49036,11830,-36020,1/18/15,416,618,354,Financing,3,1186,9
Dodge,Charger,2014,23821,32443,9137,1/30/15,689,162,588,Financing,9,515,55
Volvo,XC90,2014,12544,21480,9987,2/4/15,229,292,200,Financing,2,1051,6
Chevrolet,Equinox,2014,15215,17002,3159,2/13/15,331,820,284,Financing,10,1372,63
Toyota,Highlander,2014,15844,24102,8657,2/14/15,544,531,462,Financing,1,399,46
Lexus,NX,2014,9633,14694,6709,3/13/15,284,714,245,Financing,4,1648,15
Infiniti,Q50,2014,15548,20748,5859,3/17/15,333,509,285,Financing,10,659,25
Volkswagen,Passat,2014,9137,18311,9807,3/27/15,621,252,528,Financing,4,633,57
Ford,Focus,2014,11735,17187,6624,4/2/15,927,185,788,Financing,6,1172,78
Acura,RDX,2014,23048,27970,6330,5/13/15,243,26,210,Financing,7,1408,26
Infiniti,QX70,2014,8108,10303,3226,5/16/15,965,995,818,Financing,2,1031,14
Mazda,CX-5,2014,12271,19415,8515,5/17/15,239,293,205,Financing,3,1371,57
Infiniti,Q50,2014,20852,25776,6046,5/26/15,486,837,412,Financing,12,1122,71
Audi,A4,2014,29203,37618,9236,5/31/15,413,39,354,Financing,9,821,31
Toyota,RAV4,2014,18222,21255,5009,6/11/15,355,129,305,Financing,12,1976,38
Lexus,ES,2014,9427,11305,1976,7/10/15,170,803,146,Financing,2,98,56
Volvo,S60,2014,7702,12558,5132,7/16/15,30,478,26,Financing,10,276,23
Infiniti,QX80,2014,15205,16629,2153,7/19/15,303,718,259,Financing,7,729,22
Volvo,V60,2014,5834,15222,11086,8/25/15,703,547,601,Financing,1,1698,25
Chevrolet,Silverado,2014,13640,23405,9868,8/27/15,398,824,341,Financing,7,103,90
Infiniti,QX80,2014,5431,7583,2827,8/31/15,756,657,642,Financing,8,675,16
BMW,X3,2014,29790,32625,4511,9/14/15,850,178,722,Financing,11,1676,11
Infiniti,Q50,2014,10831,16272,6571,10/13/15,4,474,4,Financing,9,1130,30
Mazda,CX-5,2014,24767,33948,10527,11/1/15,496,422,421,Financing,9,1346,29
Toyota,Corolla,2014,21464,29530,9234,11/7/15,983,687,834,Financing,2,1168,87
Jeep,Wrangler,2014,28069,30896,3622,11/8/15,228,810,199,Financing,11,795,24
Toyota,Highlander,2014,14921,17655,4274,11/30/15,859,265,728,Financing,2,1540,42
Toyota,Highlander,2014,28276,35103,7490,12/3/15,263,294,226,Financing,5,663,77
Volkswagen,Passat,2014,17079,18867,3160,12/11/15,481,144,408,Financing,5,1372,20
Subaru,Forester,2014,9409,17910,9684,12/29/15,215,25,187,Financing,12,1183,70
Lexus,NX,2014,25135,26447,2797,1/16/16,179,19,155,Financing,6,1485,28
Toyota,Highlander,2014,7393,12918,5862,2/19/16,351,227,302,Financing,12,337,33
Infiniti,QX60,2014,22030,24121,2354,3/9/16,576,631,491,Financing,7,263,5
Lexus,NX,2014,10214,18763,10184,3/12/16,668,161,568,Financing,3,1635,40
Acura,RDX,2014,27140,31930,6007,3/16/16,857,872,727,Financing,6,1217,76
Infiniti,QX70,2014,16768,19621,4285,3/31/16,914,358,776,Financing,10,1432,45
Tesla,Model S,2014,6692,9785,3614,4/10/16,674,854,575,Financing,8,521,25
Nissan,Sentra,2014,28390,30498,2195,4/26/16,15,890,13,Financing,8,87,89
Lexus,RX,2014,23530,27927,5926,5/11/16,536,427,454,Financing,9,1529,54
Kia,Sorento,2014,22916,29217,6680,5/29/16,705,648,602,Financing,2,379,82
Infiniti,QX80,2014,19216,21311,2193,6/17/16,405,310,346,Financing,10,98,89
Toyota,Camry,2014,24405,26977,4169,6/23/16,224,291,195,Financing,9,1597,3
BMW,5 Series,2014,5047,9991,5898,7/31/16,435,139,371,Financing,7,954,40
Lexus,IS,2014,16650,25695,9442,8/9/16,185,912,161,Financing,5,397,44
Chevrolet,Silverado,2014,7133,9363,4122,8/16/16,757,972,644,Financing,5,1892,66
Dodge,Durango,2014,10421,17133,8112,8/30/16,244,217,211,Financing,12,1400,51
Audi,A4,2014,17700,19848,2314,9/7/16,64,370,56,Financing,9,166,23
Infiniti,QX80,2014,28508,38051,10394,9/16/16,700,446,597,Financing,7,851,87
BMW,X3,2014,9345,12244,3200,9/28/16,483,736,410,Financing,5,301,63
Volkswagen,Golf,2014,20276,29289,10083,9/28/16,655,256,555,Financing,6,1070,22
Infiniti,QX80,2014,27418,31547,5825,10/20/16,390,37,334,Financing,9,1696,20
Volkswagen,Tiguan,2014,17683,20459,4412,10/30/16,283,713,244,Financing,8,1636,75
Infiniti,QX70,2014,18033,21383,4641,11/9/16,712,70,607,Financing,9,1291,47
Honda,Accord,2014,18477,23387,6876,11/20/16,178,705,154,Financing,6,1966,89
Tesla,Model S,2014,17965,21394,4675,11/20/16,681,645,581,Financing,8,1246,12
Acura,ILX,2014,22059,23710,2382,11/26/16,988,362,839,Financing,6,731,81
Mazda,CX-9,2014,20955,28600,9181,12/16/16,946,99,804,Financing,2,1536,28
Lexus,NX,2014,25361,31033,6089,12/19/16,738,969,628,Financing,5,417,60
Infiniti,Q50,2014,8839,13951,6423,12/30/16,507,945,431,Financing,6,1311,38
Infiniti,QX60,2013,12417,21463,10594,1/9/14,776,662,661,Financing,12,1548,25
Nissan,Sentra,2013,27651,29328,1712,1/22/14,538,740,457,Financing,8,35,8
Infiniti,QX60,2013,8709,14009,6480,1/31/14,132,799,114,Financing,1,1180,5
Acura,MDX,2013,20283,27613,7789,2/7/14,34,580,28,Financing,7,459,37
Volkswagen,Tiguan,2013,16173,26025,10492,2/7/14,353,613,303,Financing,12,640,36
Acura,ILX,2013,22732,30086,8666,2/7/14,669,333,569,Financing,7,1312,17
Honda,Pilot,2013,14706,18774,5706,2/27/14,9,364,8,Financing,6,1638,18
Dodge,Challenger,2013,7447,15728,8831,3/27/14,667,643,567,Financing,10,550,73
Dodge,Charger,2013,7420,11779,4520,4/1/14,103,695,87,Financing,9,161,43
Chevrolet,Traverse,2013,20628,28070,8264,4/18/14,591,432,505,Financing,3,822,14
BMW,X3,2013,22288,27180,5539,5/2/14,141,909,121,Financing,6,647,27
Ford,Focus,2013,29732,33202,4034,5/11/14,72,585,62,Financing,11,564,38
Chevrolet,Traverse,2013,17094,26420,9810,6/3/14,206,807,181,Financing,3,484,64
Subaru,Legacy,2013,15939,21752,6541,8/15/14,752,169,638,Financing,12,728,25
Tesla,Model S,2013,15934,18340,4216,8/17/14,879,875,748,Financing,6,1810,28
Infiniti,QX80,2013,22178,26725,6350,8/23/14,774,347,658,Financing,7,1803,56
BMW,X3,2013,19726,28684,10258,8/30/14,753,170,639,Financing,5,1300,13
Chevrolet,Malibu,2013,8835,18589,10667,9/18/14,408,414,349,Financing,7,913,76
Mercedes-Benz,C-Class,2013,18582,23381,5847,9/19/14,814,866,692,Financing,7,1048,71
Chevrolet,Silverado,2013,25627,35322,10739,9/23/14,8,476,7,Financing,2,1044,65
Subaru,Legacy,2013,18628,25677,8513,10/1/14,938,186,797,Financing,11,1464,88
Audi,Q5,2013,21902,23514,3397,10/2/14,675,335,574,Financing,4,1785,42
Honda,Accord,2013,8564,15205,7117,10/27/14,472,47,400,Financing,7,476,22
Volvo,S60,2013,24173,28015,4720,11/18/14,122,697,105,Financing,7,878,19
Honda,Pilot,2013,14959,16474,3446,11/20/14,617,155,524,Financing,9,1931,87
Volkswagen,Jetta,2013,9121,12569,4583,11/26/14,402,309,343,Financing,3,1135,13
Volkswagen,Passat,2013,14321,21430,8651,12/20/14,849,981,720,Financing,9,1542,68
Ford,Escape,2013,13921,23583,9770,1/16/15,825,868,701,Financing,12,108,90
Infiniti,Q50,2013,8646,13960,6098,1/29/15,517,527,438,Financing,4,784,32
Toyota,RAV4,2013,15503,21294,7034,2/5/15,470,836,399,Financing,1,1243,29
Ford,F-150,2013,22513,27206,4946,2/10/15,373,130,322,Financing,9,253,15
Jeep,Wrangler,2013,8810,9915,2411,2/13/15,449,732,381,Financing,7,1306,63
Kia,Soul,2013,16636,25938,9491,3/2/15,908,773,771,Financing,1,189,27
Volkswagen,Tiguan,2013,17216,21588,5629,3/24/15,261,27,224,Financing,11,1257,37
Dodge,Charger,2013,6872,13533,7412,4/13/15,989,888,839,Financing,9,751,13
BMW,X5,2013,18735,20502,2124,4/27/15,961,684,813,Financing,9,357,65
Infiniti,QX60,2013,11808,20838,9052,5/1/15,673,962,573,Financing,12,22,43
Nissan,Sentra,2013,8112,17445,11248,5/7/15,477,236,404,Financing,8,1915,71
Nissan,Rogue,2013,9052,12499,4016,6/1/15,502,319,425,Financing,1,569,19
Audi,Q5,2013,17931,23842,7856,6/3/15,125,11,108,Financing,1,1945,82
Honda,Accord,2013,21246,27726,7170,7/28/15,709,257,605,Financing,4,690,59
Lexus,RX,2013,27392,33915,7599,8/3/15,300,222,258,Financing,11,1076,40
Acura,ILX,2013,17847,23627,7462,8/6/15,601,250,512,Financing,2,1682,58
Acura,RDX,2013,12260,17168,4945,8/12/15,441,831,376,Financing,12,37,74
Mazda,CX-5,2013,10352,13724,4999,8/17/15,606,434,515,Financing,8,1627,70
Infiniti,QX60,2013,8816,11641,3578,9/6/15,894,985,757,Financing,11,753,6
Nissan,Rogue,2013,24166,26622,4309,9/22/15,273,396,236,Financing,8,1853,2
Acura,ILX,2013,16085,24529,9219,9/29/15,82,482,70,Financing,4,775,88
Acura,RDX,2013,21861,30477,9883,11/9/15,53,583,48,Financing,8,1267,3
Chevrolet,Traverse,2013,21038,26238,6085,11/17/15,933,271,790,Financing,9,885,12
Volkswagen,Golf,2013,23277,30254,8346,11/24/15,609,329,518,Financing,2,1369,42
Subaru,Forester,2013,8679,17524,9484,12/7/15,431,730,368,Financing,2,639,1
Infiniti,Q50,2013,5948,8843,2911,12/31/15,468,735,398,Financing,9,16,33
Ford,F-150,2013,26502,33795,7693,1/9/16,311,225,268,Financing,3,400,37
Kia,Sportage,2013,20548,28686,8597,1/25/16,434,138,370,Financing,12,459,55
BMW,3 Series,2013,22150,28126,7662,1/29/16,510,625,433,Financing,3,1686,4
Mazda,Mazda6,2013,12123,15955,5356,2/1/16,745,653,632,Financing,4,1524,90
Chevrolet,Traverse,2013,25350,30255,5601,2/7/16,649,439,551,Financing,6,696,59
Acura,ILX,2013,13912,19372,7457,2/17/16,651,543,552,Financing,3,1997,54
Infiniti,Q50,2013,25322,28033,2747,2/22/16,772,762,657,Financing,2,36,16
Audi,Q5,2013,12573,17900,7177,3/16/16,264,394,228,Financing,11,1850,33
Nissan,Altima,2013,14454,23095,9394,3/17/16,729,548,622,Financing,4,753,72
Subaru,Outback,2013,26075,34542,10179,4/4/16,763,258,648,Financing,10,1712,13
BMW,X3,2013,6057,11800,6427,4/8/16,921,990,783,Financing,11,684,30
Mazda,CX-9,2013,6174,8554,4095,4/9/16,568,247,483,Financing,12,1715,47
Infiniti,QX60,2013,25268,30922,6321,4/20/16,963,685,816,Financing,10,667,82
Tesla,Model S,2013,6670,10129,3922,5/12/16,330,404,283,Financing,11,463,23
Hyundai,Tucson,2013,7251,9030,3700,5/24/16,725,651,619,Financing,12,1921,7
Audi,Q5,2013,16611,18858,3450,6/10/16,680,337,580,Financing,3,1203,51
Dodge,Durango,2013,16898,24038,8854,6/22/16,196,806,171,Financing,11,1714,86
Jeep,Grand Cherokee,2013,11790,16084,5521,6/29/16,661,544,561,Financing,7,1227,81
Mazda,Mazda6,2013,12666,18707,7033,7/3/16,487,943,414,Financing,9,992,13
Kia,Soul,2013,14170,17307,4978,7/5/16,530,528,450,Financing,2,1841,67
Acura,ILX,2013,6592,9120,3002,7/25/16,40,278,34,Financing,7,474,73
Chevrolet,Traverse,2013,6271,11384,6069,8/11/16,415,827,356,Financing,1,956,29
Chevrolet,Silverado,2013,15033,17013,3818,8/31/16,1000,275,850,Financing,11,1838,22
Volvo,S60,2013,14129,16630,3747,9/15/16,833,462,706,Financing,11,1246,54
Volvo,XC60,2013,17253,18649,3277,9/18/16,887,876,752,Financing,2,1881,58
Ford,Explorer,2013,23245,28284,6060,9/21/16,93,203,78,Financing,8,1021,17
Jeep,Grand Cherokee,2013,13799,15064,3013,10/5/16,118,904,101,Financing,8,1748,32
Hyundai,Sonata,2013,12392,13939,3407,10/20/16,316,298,272,Financing,11,1860,26
Acura,ILX,2013,8265,10581,3035,12/5/16,119,905,102,Financing,8,719,50
Audi,A6,2012,6083,8059,3566,1/11/14,55,108,48,Financing,12,1590,54
Toyota,Highlander,2012,18721,20217,2151,2/1/14,950,994,807,Financing,9,655,68
Honda,Pilot,2012,29373,31641,3028,2/2/14,755,760,641,Financing,12,760,33
Jeep,Wrangler,2012,17213,18670,2908,3/7/14,80,796,68,Financing,3,1451,52
Tesla,Model S,2012,5544,11417,6280,4/6/14,532,529,451,Financing,9,407,87
Acura,MDX,2012,20173,26478,7180,5/24/14,881,464,749,Financing,4,875,77
Toyota,Highlander,2012,26986,36200,10457,6/8/14,650,960,553,Financing,1,1243,55
Tesla,Model S,2012,16389,21625,5692,6/21/14,759,454,645,Financing,3,456,55
Audi,Q7,2012,9309,18762,11050,6/26/14,168,596,143,Financing,3,1597,26
Mazda,CX-9,2012,20735,24423,5633,7/1/14,735,167,626,Financing,8,1945,17
Nissan,Sentra,2012,10038,15153,5227,7/7/14,288,715,249,Financing,2,112,49
Lexus,IS,2012,26418,29985,4487,7/10/14,531,322,450,Financing,2,920,88
Toyota,Highlander,2012,22866,31530,10530,9/4/14,839,553,712,Financing,2,1866,35
Dodge,Charger,2012,12239,19939,8435,9/14/14,957,471,812,Financing,1,735,22
Honda,Accord,2012,7573,9256,2191,10/12/14,81,900,69,Financing,7,508,38
Tesla,Model S,2012,11505,15635,4903,10/28/14,585,744,498,Financing,11,773,81
Dodge,Journey,2012,14590,20975,8100,12/13/14,271,921,234,Financing,10,1715,10
Ford,F-150,2012,10703,19262,8889,2/3/15,13,577,11,Financing,1,330,26
Honda,Pilot,2012,11150,19912,10386,2/7/15,629,542,535,Financing,6,1624,45
Honda,Pilot,2012,21844,25019,3944,3/10/15,23,579,20,Financing,5,769,21
Audi,A6,2012,29826,34817,5207,3/22/15,873,561,741,Financing,3,216,90
Mazda,CX-5,2012,22089,23382,2116,3/26/15,915,184,777,Financing,8,823,58
Nissan,Altima,2012,15638,21317,7361,4/8/15,382,131,329,Financing,4,1682,2
Kia,Optima,2012,24531,28306,4338,4/13/15,201,213,176,Financing,12,563,42
Subaru,Impreza,2012,25936,28461,3304,4/15/15,161,284,138,Financing,1,779,90
Volkswagen,Jetta,2012,5101,12351,9219,4/15/15,357,723,307,Financing,12,1969,27
Tesla,Model S,2012,15299,21252,7207,6/2/15,240,388,207,Financing,8,1254,79
Dodge,Charger,2012,22075,25124,4995,6/25/15,980,192,832,Financing,6,1946,51
Chevrolet,Silverado,2012,8997,14548,6920,7/18/15,73,6,61,Financing,12,1369,64
BMW,3 Series,2012,20904,26036,6099,7/30/15,959,781,813,Financing,6,967,10
Honda,Pilot,2012,24809,34155,10043,8/2/15,970,570,824,Financing,3,697,52
Chevrolet,Traverse,2012,12458,15516,4122,9/3/15,131,12,113,Financing,4,1064,1
Lexus,ES,2012,24545,30081,7442,10/21/15,548,532,465,Financing,12,1906,37
Mazda,Mazda3,2012,27873,37017,10623,11/1/15,254,501,219,Financing,6,1479,12
Jeep,Wrangler,2012,9842,18735,10034,11/20/15,627,60,533,Financing,3,1141,71
Mercedes-Benz,C-Class,2012,11742,15644,5250,12/6/15,690,65,587,Financing,3,1348,57
Audi,Q5,2012,21532,31115,9597,12/24/15,133,908,114,Financing,11,14,12
Volkswagen,Tiguan,2012,10739,14297,4515,2/24/16,52,368,45,Financing,5,957,39
Mercedes-Benz,E-Class,2012,27325,30008,4519,3/15/16,134,800,115,Financing,12,1836,90
Subaru,Legacy,2012,5454,7801,3675,4/9/16,943,777,801,Financing,6,1328,30
Dodge,Journey,2012,15956,23281,8824,4/28/16,43,480,38,Financing,4,1499,77
Hyundai,Elantra,2012,26886,34408,8667,6/24/16,966,568,819,Financing,3,1145,64
Mercedes-Benz,E-Class,2012,22835,31524,10569,7/3/16,136,14,117,Financing,6,1880,34
Nissan,Pathfinder,2012,5783,14843,9219,8/2/16,698,752,596,Financing,12,159,21
Volkswagen,Tiguan,2012,10020,18952,9663,10/6/16,976,190,828,Financing,4,731,11
Mazda,CX-9,2012,26405,28468,2991,10/11/16,984,998,836,Financing,9,928,46
Lexus,ES,2012,5348,8896,4311,10/18/16,931,679,793,Financing,9,763,13
Audi,A6,2012,12088,15583,3997,10/30/16,165,378,141,Financing,11,502,88
Acura,MDX,2012,25850,30990,6914,11/10/16,623,848,529,Financing,3,1774,6
Volvo,XC60,2012,10136,15658,6538,11/23/16,114,206,98,Financing,11,1016,67
Acura,MDX,2012,22645,29282,7741,12/2/16,87,110,73,Financing,3,1104,81
Subaru,Impreza,2012,9711,16334,7093,12/22/16,547,953,465,Financing,5,470,54
Lexus,ES,2012,22959,29819,8376,12/24/16,749,73,634,Financing,10,1516,87
Hyundai,Tucson,2012,23721,26055,2579,12/29/16,522,626,443,Financing,5,245,87
Dodge,Journey,2011,27138,30962,4102,1/18/14,778,763,662,Financing,11,278,84
Toyota,Corolla,2011,22435,24689,2440,1/22/14,327,819,281,Financing,12,186,51
Chevrolet,Traverse,2011,18882,25706,7221,2/14/14,829,668,706,Financing,11,397,5
Ford,Escape,2011,16806,18324,2345,2/16/14,534,426,453,Financing,3,827,72
Toyota,RAV4,2011,16919,24904,8325,3/4/14,666,442,566,Financing,8,340,73
Chevrolet,Traverse,2011,10398,14363,5118,4/7/14,299,125,257,Financing,1,1153,1
Volvo,S60,2011,20856,30622,11581,4/17/14,506,320,429,Financing,8,1815,47
Lexus,ES,2011,26695,35451,9624,4/20/14,975,361,829,Financing,5,868,33
Kia,Sorento,2011,26496,33748,7504,5/14/14,37,367,31,Financing,7,252,83
Volvo,S60,2011,23066,26914,4565,5/16/14,806,81,682,Financing,8,717,61
Audi,A4,2011,13774,17241,4917,8/28/14,710,447,605,Financing,2,1450,26
Acura,MDX,2011,12426,16210,4999,9/8/14,465,621,396,Financing,7,1215,52
Hyundai,Elantra,2011,29147,38829,11544,9/25/14,216,216,188,Financing,12,1862,70
Honda,CR-V,2011,14212,21628,8311,10/14/14,697,445,595,Financing,8,895,8
Chevrolet,Equinox,2011,24886,26651,2722,10/15/14,47,894,43,Financing,8,957,34
Jeep,Cherokee,2011,8907,13047,4797,10/25/14,838,671,712,Financing,6,657,50
Subaru,Legacy,2011,16598,22897,7134,11/17/14,307,817,263,Financing,4,835,14
Kia,Optima,2011,13170,16123,4523,1/27/15,993,1000,843,Financing,6,1570,29
Volvo,S60,2011,27690,31100,4601,2/2/15,717,71,610,Financing,1,1191,71
Volvo,XC90,2011,29290,37762,9442,2/7/15,954,101,810,Financing,10,970,64
Chevrolet,Traverse,2011,29780,36860,7725,2/17/15,227,601,198,Financing,7,645,36
Volvo,XC60,2011,18654,22848,4214,3/5/15,63,280,54,Financing,8,20,17
Ford,Escape,2011,19240,24917,6285,3/30/15,325,402,280,Financing,1,608,39
Nissan,Rogue,2011,15504,23586,8656,4/15/15,560,148,476,Financing,5,574,19
Volvo,XC90,2011,6998,13699,8553,4/25/15,461,522,392,Financing,4,1852,51
BMW,5 Series,2011,18716,22594,4559,4/28/15,569,248,484,Financing,8,681,69
Jeep,Wrangler,2011,12925,15634,3801,6/1/15,653,440,554,Financing,12,1092,24
Hyundai,Sonata,2011,9759,11116,1370,6/20/15,69,794,59,Financing,4,13,75
Audi,A6,2011,23616,28929,6554,6/23/15,182,706,158,Financing,12,1241,17
Volkswagen,Passat,2011,16694,21898,6972,7/7/15,478,317,405,Financing,9,1768,81
Dodge,Challenger,2011,18348,23081,5635,8/24/15,535,843,455,Financing,10,902,67
Toyota,Corolla,2011,28226,31015,3523,9/11/15,803,176,683,Financing,12,734,43
Mazda,CX-9,2011,10263,19557,10360,10/18/15,719,650,612,Financing,6,1066,23
Kia,Soul,2011,26430,32337,6073,11/5/15,884,465,750,Financing,10,166,40
Hyundai,Tucson,2011,8730,15627,7217,1/1/16,541,530,460,Financing,10,320,88
Dodge,Charger,2011,9744,15108,6871,2/2/16,819,976,695,Financing,9,1507,72
Nissan,Rogue,2011,17372,20950,4432,2/7/16,293,503,253,Financing,8,854,78
BMW,X5,2011,12265,21583,10447,3/8/16,599,152,510,Financing,1,1129,4
Nissan,Rogue,2011,23948,26222,3124,3/9/16,807,82,685,Financing,7,850,56
Lexus,RX,2011,15341,23379,8785,3/17/16,36,581,32,Financing,10,747,17
Ford,F-150,2011,17693,19683,2083,4/17/16,657,63,557,Financing,5,93,56
Dodge,Challenger,2011,10170,11593,1580,5/16/16,471,142,399,Financing,5,157,63
Nissan,Rogue,2011,5515,14335,9771,5/28/16,285,124,246,Financing,6,951,24
Toyota,Corolla,2011,14254,23133,10294,8/11/16,428,41,365,Financing,8,1415,36
Kia,Soul,2011,19858,27413,7934,8/22/16,129,907,111,Financing,11,379,21
Dodge,Challenger,2011,20053,27781,9004,9/4/16,994,473,844,Financing,5,1276,75
Mercedes-Benz,C-Class,2011,28549,35393,7648,9/28/16,169,911,145,Financing,3,804,59
Chevrolet,Traverse,2011,20238,21787,2768,9/28/16,584,249,497,Financing,2,1219,24
Nissan,Rogue,2011,22303,28083,7036,10/4/16,378,410,328,Financing,11,1256,76
Lexus,ES,2011,17778,25876,9627,10/21/16,237,916,204,Financing,11,1529,62
Honda,CR-V,2011,15014,23006,8119,10/29/16,497,49,422,Financing,5,127,49
Audi,Q5,2011,7560,16152,9104,11/1/16,622,541,529,Financing,2,512,31
Kia,Sportage,2011,16002,18271,4012,12/13/16,414,729,355,Financing,3,1743,51
BMW,3 Series,2009,10301,19653,10397,5/2/14,439,416,374,Financing,6,1045,73
BMW,5 Series,2009,15408,18099,4501,11/12/14,605,154,515,Financing,9,1810,75
BMW,5 Series,2009,27289,32017,5748,2/15/15,754,656,640,Financing,7,1020,82
Audi,A4,2009,13953,22843,10871,11/21/15,105,485,89,Financing,4,1981,23
Audi,A4,2010,22794,30252,8940,10/16/14,14,2,12,Financing,3,1482,63
Audi,A6,2009,26285,34460,8221,12/23/16,590,537,503,Financing,1,46,81
Nissan,Altima,2009,12986,16960,5897,10/24/15,205,22,179,Financing,2,1923,52
Nissan,Altima,2010,16285,18460,3754,4/25/16,718,857,613,Financing,4,1579,26
Mercedes-Benz,C-Class,2010,16780,17991,1937,4/16/15,554,325,471,Financing,10,726,7
Toyota,Camry,2010,12990,14076,2523,10/16/14,26,787,23,Financing,5,1437,81
Toyota,Camry,2010,17390,22908,5978,3/25/16,987,999,838,Financing,12,460,4
Dodge,Challenger,2009,19135,22932,5565,4/20/14,250,711,216,Financing,4,1768,68
Dodge,Challenger,2009,21261,24684,5071,11/15/14,395,133,338,Financing,7,1648,6
Dodge,Challenger,2009,26247,28421,2576,8/7/14,337,304,288,Financing,3,402,53
Dodge,Charger,2010,11200,14681,4139,3/21/15,462,46,393,Financing,4,658,24
Dodge,Charger,2010,14383,22115,9227,9/22/16,142,910,121,Financing,7,1495,73
Dodge,Charger,2009,21803,28784,8871,9/16/16,529,739,449,Financing,1,1890,57
Dodge,Charger,2010,27151,29147,2433,6/28/15,446,832,379,Financing,8,437,41
Jeep,Cherokee,2010,19633,22709,4430,2/17/14,236,603,203,Financing,3,1354,6
Honda,Civic,2010,14440,21005,7731,6/8/15,944,992,802,Financing,9,1166,74
Honda,Civic,2009,25459,32154,6884,10/28/15,241,389,208,Financing,6,189,75
Honda,CR-V,2009,23795,31595,7826,11/22/14,448,937,382,Financing,10,26,25
Mazda,CX-9,2010,6314,7957,1938,5/17/16,117,696,100,Financing,4,295,27
Mazda,CX-9,2010,20300,25972,7648,1/31/16,953,100,809,Financing,12,1976,68
Mazda,CX-9,2010,26613,28344,3119,9/12/15,444,731,377,Financing,12,1388,57
Dodge,Durango,2010,16275,23183,7699,9/22/14,692,66,590,Financing,6,791,12
Dodge,Durango,2010,22665,25950,5127,3/21/15,60,584,52,Financing,5,1842,5
Mercedes-Benz,E-Class,2009,8290,17451,10560,8/10/14,751,759,637,Financing,4,1399,4
Mercedes-Benz,E-Class,2010,11600,16271,4877,7/12/16,190,382,165,Financing,6,206,84
Mercedes-Benz,E-Class,2010,25815,30817,5513,10/18/14,543,952,462,Financing,2,511,32
Mercedes-Benz,E-Class,2009,26982,30725,5034,10/8/15,277,28,238,Financing,2,1291,84
Hyundai,Elantra,2009,10173,16189,7737,2/25/15,559,845,475,Financing,10,1721,85
Hyundai,Elantra,2009,19562,20666,1667,3/26/14,276,220,238,Financing,2,563,2
Hyundai,Elantra,2010,20949,23770,4028,3/26/15,310,506,266,Financing,11,1207,35
Chevrolet,Equinox,2009,5550,8752,4283,2/27/15,607,847,516,Financing,6,1081,18
Chevrolet,Equinox,2010,18435,26457,8120,9/10/15,476,235,403,Financing,11,98,49
Lexus,ES,2010,5800,9797,4993,7/21/14,647,851,550,Financing,11,996,11
Lexus,ES,2009,19945,29581,11588,4/18/16,706,753,603,Financing,9,1952,12
Lexus,ES,2009,29936,37571,9431,11/1/15,151,282,130,Financing,8,1796,36
Ford,Escape,2009,7360,8617,1723,6/20/14,12,276,9,Financing,3,466,11
Ford,Escape,2009,20760,22044,2326,1/23/16,792,865,673,Financing,7,1042,65
Ford,Explorer,2009,6753,13115,6666,10/8/15,567,955,482,Financing,2,304,1
Ford,Explorer,2009,6804,12771,7355,3/7/14,866,984,735,Financing,10,1388,59
Ford,Explorer,2009,7626,13455,6924,3/14/16,6,889,5,Financing,9,1095,5
Ford,Explorer,2009,23211,28087,5605,7/14/16,101,484,86,Financing,1,729,66
Ford,Explorer,2010,29120,38704,11479,12/22/16,504,838,427,Financing,7,1895,1
Ford,F-150,2009,5108,13907,10494,9/19/14,302,926,260,Financing,11,1695,60
Ford,F-150,2010,5516,11314,6253,5/15/14,900,987,763,Financing,7,455,59
Ford,F-150,2009,19840,22412,3443,7/15/15,352,512,302,Financing,7,871,27
Ford,Focus,2009,6862,15007,9849,9/1/16,417,232,357,Financing,3,1704,78
Ford,Focus,2009,26379,32215,7742,5/3/15,436,936,372,Financing,1,1906,15
Subaru,Forester,2010,12294,22246,10221,4/26/14,107,486,91,Financing,2,269,80
Subaru,Forester,2010,21829,26091,6054,12/10/16,181,211,156,Financing,9,1792,39
Subaru,Forester,2010,28289,32103,5257,3/19/14,750,971,637,Financing,4,1443,86
Volkswagen,Golf,2010,20307,23773,4856,4/3/14,809,262,687,Financing,7,1390,46
Subaru,Impreza,2009,24646,27898,3704,10/15/16,377,409,323,Financing,5,452,8
Lexus,IS,2010,6869,15144,8978,6/20/14,636,436,540,Financing,3,703,2
Lexus,IS,2009,22368,26826,5610,10/15/15,140,375,121,Financing,2,1152,45
Volkswagen,Jetta,2009,7163,9746,3530,12/2/15,817,665,693,Financing,3,947,52
Volkswagen,Jetta,2009,12587,14802,3186,10/29/14,545,844,464,Financing,9,971,68
Dodge,Journey,2009,25924,28037,2302,1/24/16,48,582,42,Financing,4,189,32
Dodge,Journey,2010,26994,28241,3112,8/24/16,716,342,611,Financing,1,1865,17
Chevrolet,Malibu,2010,20761,26551,7611,9/17/16,782,259,665,Financing,6,1821,3
Mazda,Mazda6,2010,9961,11803,2859,7/16/16,154,491,133,Financing,2,1017,52
Mazda,Mazda6,2010,22291,31029,9124,7/26/14,906,877,768,Financing,7,386,53
Mazda,Mazda6,2009,26348,35925,9777,1/3/14,159,594,136,Financing,3,200,86
Volkswagen,Passat,2010,14183,18552,5450,11/17/15,895,986,760,Financing,6,1081,80
Nissan,Pathfinder,2010,23826,30258,7928,11/30/14,403,825,345,Financing,11,1496,82
Honda,Pilot,2009,24339,28007,3837,4/14/14,854,352,723,Financing,1,169,67
Honda,Pilot,2009,28021,30980,3146,8/1/14,128,373,110,Financing,12,187,22
Audi,Q5,2010,16503,25472,10720,7/17/14,166,703,144,Financing,9,1751,14
Audi,Q5,2010,27464,33236,6943,12/14/16,343,405,293,Financing,3,1171,6
Audi,Q5,2009,29746,35570,6672,12/11/15,731,451,623,Financing,6,848,82
Audi,Q7,2009,17370,18443,2064,5/23/14,587,536,500,Financing,6,991,30
Audi,Q7,2009,28658,33751,6866,7/21/14,656,332,558,Financing,1,1773,33
Toyota,RAV4,2010,19370,22017,4310,11/2/15,349,927,300,Financing,8,1663,15
Nissan,Rogue,2009,18886,21764,3748,4/4/14,187,20,162,Financing,11,870,25
Nissan,Rogue,2010,23126,33014,10235,1/25/16,909,183,770,Financing,9,347,63
Nissan,Rogue,2009,25349,28914,4492,7/26/14,493,524,418,Financing,6,927,62
Lexus,RX,2009,9433,14255,6317,7/26/14,268,502,232,Financing,8,1495,5
Lexus,RX,2010,17026,23695,7741,10/4/14,466,734,397,Financing,2,1072,70
Lexus,RX,2009,17302,25817,10012,11/27/15,611,57,518,Financing,9,1497,38
Lexus,RX,2009,21267,24099,3397,2/23/15,94,112,80,Financing,6,565,17
Lexus,RX,2010,26586,29920,4032,5/14/14,791,864,672,Financing,12,698,48
Hyundai,Santa Fe,2010,9979,19657,10479,2/19/16,625,253,530,Financing,2,801,40
Hyundai,Santa Fe,2009,17274,26419,10619,12/25/14,892,93,755,Financing,8,1474,40
Nissan,Sentra,2010,14916,23138,10003,1/10/15,678,336,576,Financing,8,1781,39
Nissan,Sentra,2010,16617,23733,8087,2/11/15,960,884,814,Financing,9,971,22
Chevrolet,Silverado,2010,19957,25808,7613,4/24/15,177,288,152,Financing,3,1762,15
Chevrolet,Silverado,2010,20244,27286,8294,1/30/14,929,882,793,Financing,3,1252,46
Hyundai,Sonata,2009,9983,12172,3896,5/24/14,301,717,259,Financing,11,1707,64
Hyundai,Sonata,2010,26412,31931,6309,2/16/15,614,58,521,Financing,6,790,37
Hyundai,Sonata,2010,27116,29687,4401,1/16/16,279,607,240,Financing,4,1830,63
Kia,Sorento,2009,10098,18545,10428,12/13/16,234,602,202,Financing,9,1981,79
Kia,Sorento,2010,14041,20136,7951,9/2/16,867,558,735,Financing,4,1856,88
Kia,Sorento,2010,17080,18642,3223,8/4/16,897,563,759,Financing,5,1661,19
Kia,Soul,2010,15506,17616,3815,11/22/16,526,948,447,Financing,10,1705,7
Kia,Soul,2009,17613,19488,2803,11/29/15,347,33,298,Financing,12,928,42
Volkswagen,Tiguan,2010,7497,13376,6334,12/23/16,111,371,95,Financing,11,455,4
Volkswagen,Tiguan,2009,7868,15790,7962,10/29/16,157,283,134,Financing,3,40,79
Volkswagen,Tiguan,2009,24721,32041,7337,8/25/16,498,622,422,Financing,2,17,45
Chevrolet,Traverse,2010,5073,9334,5600,3/31/16,973,189,825,Financing,1,1339,76
Hyundai,Tucson,2010,14782,24488,11103,8/27/15,266,812,229,Financing,9,1397,6
Hyundai,Tucson,2010,25748,27147,1949,7/3/15,350,722,301,Financing,5,550,29
Jeep,Wrangler,2009,23049,28451,6798,11/12/14,473,940,401,Financing,3,1396,28
BMW,X3,2009,22473,27891,6450,2/22/16,841,978,713,Financing,9,1032,17
BMW,X5,2010,8109,13772,5860,3/30/14,318,818,275,Financing,2,197,89
Volvo,XC60,2009,5066,8351,4781,3/31/16,238,917,206,Financing,8,1496,66
Volvo,XC60,2010,16891,20337,3992,2/8/14,464,316,395,Financing,4,546,71
Volvo,XC60,2010,17661,21543,5564,4/3/16,936,565,795,Financing,12,1682,60
Volvo,XC60,2009,19087,22987,5454,10/21/16,888,354,753,Financing,6,1554,67
Volvo,XC60,2009,24146,29137,5591,12/13/14,67,481,58,Financing,3,600,14
Volvo,XC60,2009,29634,34902,5332,8/12/16,135,13,116,Financing,2,64,46
Volvo,XC90,2009,19266,20474,1891,10/9/14,262,393,225,Financing,11,683,11
Volvo,XC90,2010,29542,37576,9183,7/21/15,889,355,754,Financing,8,1149,40
Chevrolet,Equinox,2008,2374,3529,1164,1/14/14,380,306,327,Financing,4,8,68
Dodge,Charger,2008,6218,7111,1746,1/26/14,511,526,432,Financing,5,853,63
Lexus,ES,2008,1401,2597,2204,2/8/14,654,641,556,Financing,10,1008,69
Subaru,Outback,2008,7105,7432,1765,3/13/14,880,180,747,Financing,2,1438,77
Volkswagen,Passat,2008,7089,7948,860,4/14/14,370,930,319,Financing,12,1,88
Volkswagen,Jetta,2008,5863,8123,3977,5/6/14,826,264,702,Financing,6,1716,41
Volvo,XC60,2008,3350,3787,1219,5/24/14,958,566,812,Financing,7,783,17
Mercedes-Benz,C-Class,2008,5877,6623,2246,5/28/14,525,241,446,Financing,8,1500,50
Toyota,RAV4,2008,2099,2994,1689,6/26/14,188,381,163,Financing,3,794,17
Volvo,XC90,2008,5405,6013,2239,7/7/14,269,295,231,Financing,12,1631,10
Honda,Civic,2008,1444,3881,4367,7/27/14,682,751,582,Financing,2,1929,19
Volkswagen,Golf,2008,4272,5478,1783,9/3/14,221,809,193,Financing,12,577,24
Mercedes-Benz,E-Class,2008,2274,2713,851,9/20/14,747,970,636,Financing,6,412,15
Subaru,Impreza,2008,4533,5957,2902,10/8/14,79,693,67,Financing,4,1478,63
Volkswagen,Tiguan,2008,3451,5245,3205,10/22/14,280,712,242,Financing,9,1410,17
Toyota,Corolla,2008,3073,4012,1185,11/1/14,641,438,544,Financing,12,246,36
Nissan,Pathfinder,2008,5895,6626,1044,11/25/14,564,246,480,Financing,5,313,60
Subaru,Outback,2008,3981,4307,1606,12/2/14,494,238,420,Financing,5,1279,30
Ford,Focus,2008,5201,7127,3093,12/7/14,549,323,466,Financing,9,1166,85
Volkswagen,Passat,2008,5526,6689,1616,12/15/14,458,315,390,Financing,7,452,43
Honda,Civic,2008,4590,6136,1834,1/11/15,149,593,128,Financing,4,288,81
Ford,Escape,2008,4179,6448,2770,1/15/15,982,571,833,Financing,2,501,75
Acura,RDX,2008,6908,8456,1698,2/3/15,387,932,332,Financing,2,151,43
Dodge,Challenger,2008,6169,6582,1433,2/6/15,739,757,628,Financing,2,1021,24
Volkswagen,Passat,2008,5131,6634,2518,2/12/15,688,646,586,Financing,4,1015,74
Jeep,Wrangler,2008,3505,4400,1724,2/25/15,604,153,514,Financing,10,830,37
Dodge,Challenger,2008,3635,4154,2237,3/17/15,777,550,660,Financing,2,1718,30
Acura,RDX,2008,6480,7495,1244,4/13/15,443,44,376,Financing,8,229,52
Nissan,Rogue,2008,2703,4816,2720,4/21/15,485,318,412,Financing,11,606,49
BMW,X3,2008,1508,3793,3980,4/26/15,267,813,230,Financing,8,1695,50
Toyota,RAV4,2008,1334,3402,2964,5/8/15,371,408,320,Financing,7,896,52
BMW,X5,2008,4266,4653,1240,5/20/15,556,429,472,Financing,8,853,7
Volkswagen,Jetta,2008,6047,7728,2496,5/30/15,383,617,330,Financing,4,815,27
Honda,Civic,2008,6487,8381,3852,6/15/15,904,96,767,Financing,8,1958,45
BMW,3 Series,2008,4254,5031,781,7/1/15,582,633,495,Financing,11,4,44
Hyundai,Elantra,2008,4097,4982,2610,8/16/15,7,475,6,Financing,11,1724,33
Volkswagen,Tiguan,2008,3041,4344,2500,8/28/15,851,88,721,Financing,10,1197,14
Audi,A4,2008,4406,5529,2083,8/29/15,512,321,434,Financing,4,961,1
Volvo,XC60,2008,3822,6077,3382,9/9/15,518,425,439,Financing,1,1127,10
Nissan,Altima,2008,7079,8745,2687,11/10/15,202,495,177,Financing,12,1020,41
Mazda,Mazda3,2008,6224,8515,2521,12/19/15,155,17,132,Financing,7,230,8
Volkswagen,Golf,2008,6549,7336,2308,12/29/15,274,121,236,Financing,12,1520,13
Dodge,Challenger,2008,5778,6095,813,1/6/16,482,420,409,Financing,1,496,86
Nissan,Pathfinder,2008,6578,7980,1808,1/30/16,167,18,142,Financing,1,406,2
Mazda,Mazda3,2008,7010,8777,3116,3/11/16,329,32,282,Financing,10,1349,38
Lexus,ES,2008,2795,3558,1106,3/22/16,24,365,21,Financing,2,343,55
Nissan,Sentra,2008,2201,4156,3488,3/22/16,278,814,239,Financing,7,1533,65
Audi,Q7,2008,5835,7641,3171,4/30/16,868,873,736,Financing,5,1365,79
Acura,MDX,2008,5359,6867,2573,6/10/16,827,461,703,Financing,1,1065,3
Chevrolet,Malibu,2008,4406,5810,2363,7/9/16,981,997,833,Financing,11,958,58
Chevrolet,Malibu,2008,5564,6651,2191,8/13/16,286,924,247,Financing,11,1104,38
Volvo,XC90,2008,2693,3102,1593,8/30/16,33,479,27,Financing,9,1184,53
Ford,Focus,2008,5744,6396,2186,9/23/16,322,401,277,Financing,12,1534,18
BMW,3 Series,2008,5851,6519,2393,9/25/16,116,10,99,Financing,11,1725,67
Kia,Sorento,2008,3591,5078,2754,9/28/16,218,708,190,Financing,9,1266,75
Honda,Pilot,2008,2244,4686,3211,10/3/16,687,965,585,Financing,8,768,17
Kia,Optima,2007,4804,6980,3587,1/13/14,90,7,76,Financing,1,1411,10
Mazda,CX-9,2007,2610,4552,3521,1/30/14,102,204,87,Financing,9,1579,77
Volkswagen,Passat,2007,5747,6654,2182,2/4/14,115,9,98,Financing,3,1275,25
BMW,X3,2007,6869,7181,2256,6/9/14,391,230,335,Financing,11,1943,11
Honda,Accord,2007,6835,7300,1215,6/14/14,840,869,713,Financing,12,750,82
Toyota,Camry,2007,4525,5780,2845,8/3/14,292,296,252,Financing,10,1589,50
Mercedes-Benz,E-Class,2007,2763,3064,1398,8/18/14,748,655,635,Financing,7,1098,39
Hyundai,Tucson,2007,4050,6379,4062,10/4/14,304,223,260,Financing,7,1733,64
BMW,X5,2007,3138,5620,2973,10/19/14,130,489,112,Financing,10,492,70
Ford,Escape,2007,6784,7405,938,12/3/14,257,920,221,Financing,1,317,90
Honda,CR-V,2007,1637,2116,651,1/21/15,924,880,785,Financing,11,172,31
Toyota,Highlander,2007,3438,5242,2632,2/13/15,901,676,764,Financing,12,828,48
Volvo,XC90,2007,4149,4448,1738,4/1/15,305,30,261,Financing,2,1439,72
Lexus,RX,2007,1765,2495,1405,5/7/15,969,188,821,Financing,11,675,29
Hyundai,Santa Fe,2007,4969,7185,2978,5/14/15,127,906,109,Financing,1,763,61
Mazda,Mazda3,2007,7397,9740,2607,7/15/15,802,80,680,Financing,10,264,12
Lexus,IS,2007,2988,4129,2900,7/20/15,771,661,656,Financing,3,1759,57
Acura,RDX,2007,6908,8141,2829,9/2/15,368,822,317,Financing,9,1595,31
Honda,Civic,2007,3107,4875,3349,11/8/15,992,472,842,Financing,2,1581,29
Mazda,Mazda3,2007,3414,4249,1649,12/16/15,926,881,787,Financing,4,814,2
Kia,Sportage,2007,6696,7506,1573,12/20/15,335,127,286,Financing,2,763,17
Dodge,Durango,2007,5439,6580,2538,1/18/16,16,578,14,Financing,7,1396,86
Volkswagen,Tiguan,2007,2724,5213,3121,2/27/16,247,918,214,Financing,3,632,5
Toyota,Highlander,2007,5695,8186,3908,3/5/16,521,50,441,Financing,7,1416,83
Volkswagen,Jetta,2007,3508,5104,1630,4/13/16,728,968,623,Financing,1,34,59
BMW,X3,2007,3734,5016,2058,5/26/16,71,109,61,Financing,3,776,38
Mercedes-Benz,E-Class,2007,3849,5493,2926,6/27/16,951,779,807,Financing,11,1282,22
Toyota,Highlander,2007,3547,5763,2359,7/11/16,363,928,313,Financing,7,143,5
Volkswagen,Passat,2007,1389,3216,2490,8/23/16,770,660,654,Financing,12,662,62
Jeep,Wrangler,2007,7220,9546,3448,9/10/16,17,891,15,Financing,3,1123,59
Subaru,Outback,2007,3254,5197,2077,9/22/16,158,701,135,Financing,8,134,56
Hyundai,Elantra,2007,4144,6208,3187,9/24/16,677,963,578,Financing,12,1123,3
Kia,Optima,2007,3378,4390,2038,9/29/16,91,202,77,Financing,2,1025,56
BMW,5 Series,2007,3343,5316,3832,10/16/16,676,443,577,Financing,9,1860,35
Ford,Focus,2007,3744,6237,3741,11/8/16,259,605,223,Financing,4,1248,64
Toyota,Camry,2006,2836,4308,1718,1/2/14,306,399,262,Financing,2,246,11
Mercedes-Benz,C-Class,2006,4900,5978,1944,3/6/14,780,171,664,Financing,2,866,65
Lexus,RX,2006,4640,6132,2589,3/6/14,842,979,714,Financing,8,1097,88
Kia,Sorento,2006,1129,2909,2792,3/16/14,226,600,197,Financing,8,1012,40
BMW,X5,2006,1691,2925,1861,4/16/14,248,710,214,Financing,5,627,70
Ford,Focus,2006,3578,4531,2209,5/13/14,270,395,233,Financing,1,1256,23
Volvo,XC90,2006,5321,5820,2458,6/10/14,348,128,299,Financing,4,1959,64
Kia,Optima,2006,2313,2722,1618,7/2/14,828,667,704,Financing,7,1209,6
Chevrolet,Malibu,2006,4781,6201,2765,8/6/14,503,239,426,Financing,5,1346,18
Kia,Sorento,2006,2478,3247,1646,8/13/14,410,934,351,Financing,5,877,5
Honda,Civic,2006,2872,3184,1470,8/26/14,427,313,366,Financing,1,1158,54
Lexus,ES,2006,1299,2792,2326,10/19/14,552,243,469,Financing,8,833,48
Chevrolet,Malibu,2006,5528,6988,2522,1/21/15,824,85,700,Financing,10,1062,57
Jeep,Wrangler,2006,3359,4750,1563,2/2/15,893,181,756,Financing,6,172,77
Mercedes-Benz,C-Class,2006,1202,2661,1494,2/22/15,84,199,72,Financing,11,34,30
BMW,X3,2006,1227,2951,3519,3/3/15,96,903,81,Financing,5,1795,88
Mercedes-Benz,C-Class,2006,2285,3729,1489,3/9/15,940,681,799,Financing,4,46,70
Lexus,RX,2006,3148,4172,2757,3/13/15,344,720,295,Financing,3,1734,7
Audi,A6,2006,4447,4869,2220,3/29/15,542,741,461,Financing,12,1799,78
Toyota,Highlander,2006,1106,3045,1958,4/17/15,539,951,459,Financing,2,19,35
BMW,X3,2006,3283,3942,2446,5/13/15,364,229,312,Financing,8,1787,10
Toyota,Highlander,2006,2080,3642,2446,5/26/15,811,263,688,Financing,6,884,11
Volkswagen,Passat,2006,1207,2168,2176,5/28/15,29,789,25,Financing,11,1215,3
Ford,Explorer,2006,1213,2169,1655,6/6/15,488,48,413,Financing,6,699,1
Honda,Civic,2006,2126,3953,2223,6/26/15,813,768,691,Financing,9,395,25
Jeep,Wrangler,2006,1338,2579,1472,8/26/15,208,116,182,Financing,1,230,56
Chevrolet,Equinox,2006,1366,1866,2130,9/8/15,724,450,617,Financing,11,1630,14
Audi,A6,2006,1036,2328,2153,9/17/15,3,1,3,Financing,4,860,10
BMW,3 Series,2006,4377,5606,2280,11/1/15,156,700,134,Financing,5,1051,47
Chevrolet,Malibu,2006,1499,2183,1931,11/4/15,242,390,209,Financing,8,1248,8
Volkswagen,Golf,2006,4940,6333,1862,3/9/16,437,314,372,Financing,3,469,21
Toyota,RAV4,2006,3508,4994,2138,4/2/16,546,242,463,Financing,4,653,16
Hyundai,Sonata,2006,2318,3744,1917,4/4/16,845,554,716,Financing,11,491,32
Hyundai,Santa Fe,2006,4005,4701,912,4/19/16,779,349,663,Financing,6,216,5
Toyota,Camry,2006,2987,4926,2383,5/1/16,577,326,488,Financing,12,443,87
Toyota,Camry,2006,5419,6720,2039,5/10/16,761,861,647,Financing,8,738,30
Jeep,Cherokee,2006,1506,2573,2754,5/20/16,701,69,598,Financing,8,1687,80
Nissan,Sentra,2006,2905,4560,2044,6/17/16,995,688,845,Financing,12,389,32
Acura,MDX,2006,2002,2763,2061,6/20/16,451,620,384,Financing,11,1300,75
Chevrolet,Malibu,2006,1943,3818,3691,7/22/16,499,423,423,Financing,6,1816,30
Honda,Civic,2006,3272,3983,749,7/31/16,890,92,754,Financing,5,38,56
Dodge,Charger,2006,1435,2811,2242,8/7/16,592,55,504,Financing,11,866,81
Hyundai,Tucson,2006,3105,3803,1379,9/11/16,222,118,194,Financing,7,681,55
Kia,Sorento,2006,4055,4945,2403,9/18/16,152,490,131,Financing,6,1513,1
Honda,Accord,2005,1507,2626,1920,1/9/14,679,964,579,Financing,3,801,44
Hyundai,Elantra,2005,3647,3995,940,1/24/14,146,376,124,Financing,3,592,56
Hyundai,Elantra,2005,1277,3149,2272,3/7/14,430,518,368,Financing,10,400,57
Audi,A6,2005,2286,3884,3027,5/11/14,207,214,182,Financing,5,1430,59
Honda,Pilot,2005,3261,4072,1149,7/4/14,862,983,732,Financing,9,338,25
Kia,Sportage,2005,1187,2277,2125,7/11/14,955,272,811,Financing,5,1035,17
Lexus,RX,2005,3322,4597,2499,9/23/14,985,782,835,Financing,6,1224,26
Subaru,Forester,2005,4746,6590,2856,10/14/14,659,160,560,Financing,1,1011,20
Kia,Sportage,2005,3567,4354,2006,12/19/14,742,453,631,Financing,4,1219,43
BMW,3 Series,2005,5836,6232,1000,12/24/14,734,166,625,Financing,3,604,59
Dodge,Durango,2005,2967,3361,2087,2/9/15,442,43,375,Financing,9,1693,9
Chevrolet,Malibu,2005,3403,5015,2111,3/12/15,869,559,737,Financing,2,499,38
Mercedes-Benz,C-Class,2005,5996,6518,1560,3/16/15,191,597,166,Financing,6,1038,25
Lexus,RX,2005,5904,6389,546,4/1/15,785,664,667,Financing,4,61,30
Kia,Sportage,2005,3702,4442,862,4/7/15,313,126,267,Financing,11,122,85
Kia,Optima,2005,1357,2296,2814,5/14/15,399,933,341,Financing,8,1875,46
Kia,Sorento,2005,5289,5825,1464,5/16/15,917,269,778,Financing,5,928,31
BMW,X5,2005,2094,3952,3387,7/1/15,808,261,686,Financing,5,1529,63
Jeep,Cherokee,2005,5338,6778,2601,7/10/15,144,15,123,Financing,11,1162,47
BMW,X5,2005,5216,5442,1888,7/12/15,626,59,532,Financing,10,1661,53
Ford,Escape,2005,5083,5575,549,7/17/15,922,270,782,Financing,9,57,32
Jeep,Wrangler,2005,5400,5673,1467,8/12/15,212,23,184,Financing,4,1194,33
Honda,CR-V,2005,3190,5058,2108,10/24/15,70,896,60,Financing,4,241,51
Subaru,Impreza,2005,4115,5395,1819,10/28/15,974,887,827,Financing,11,539,29
Subaru,Impreza,2005,5937,6736,1780,11/1/15,320,299,275,Financing,12,981,42
Mercedes-Benz,E-Class,2005,3981,4439,1896,1/14/16,359,406,309,Financing,2,1438,33
Hyundai,Elantra,2005,2747,4722,2027,1/14/16,388,36,333,Financing,6,53,27
Lexus,ES,2005,5010,6086,1891,1/23/16,460,939,393,Financing,1,815,54
Subaru,Legacy,2005,2348,3683,2404,1/31/16,474,419,400,Financing,5,1069,26
Volvo,XC90,2005,3950,4521,1784,2/7/16,773,75,655,Financing,8,1213,62
Honda,Accord,2005,4501,6187,1800,2/17/16,740,860,629,Financing,4,114,45
BMW,3 Series,2005,4646,5185,1473,3/6/16,830,551,705,Financing,8,934,5
Volkswagen,Passat,2005,3047,3755,1896,4/3/16,861,557,730,Financing,11,1188,79
Hyundai,Elantra,2005,4527,6183,3245,4/14/16,948,778,805,Financing,2,1589,79
Toyota,Camry,2005,5496,6228,1690,6/21/16,658,441,559,Financing,8,957,36
BMW,5 Series,2005,5741,6027,976,6/21/16,704,340,600,Financing,10,689,72
Kia,Sorento,2005,2115,4075,2165,6/29/16,85,200,73,Financing,5,205,51
Toyota,Camry,2005,3264,4659,2046,8/24/16,891,268,757,Financing,4,652,33
Subaru,Forester,2005,1201,2322,1872,8/28/16,323,300,278,Financing,10,751,40
Chevrolet,Malibu,2005,1822,3127,1588,10/13/16,454,45,387,Financing,4,283,7
Audi,A4,2005,5260,6832,1718,10/18/16,341,719,292,Financing,10,146,70
Hyundai,Santa Fe,2005,2139,2716,1285,11/12/16,999,783,849,Financing,12,708,84
Mercedes-Benz,E-Class,2005,2071,3649,2941,11/28/16,231,499,201,Financing,3,1363,75
Volkswagen,Jetta,2005,5995,7829,3018,11/29/16,495,145,419,Financing,1,1184,32
Lexus,IS,2005,2267,3858,2887,12/8/16,783,663,666,Financing,9,1296,45
Dodge,Durango,2005,1868,3371,2639,12/15/16,282,923,243,Financing,3,1136,9
Chevrolet,Equinox,2005,3919,5026,2308,12/19/16,972,886,826,Financing,10,1201,7
Mercedes-Benz,E-Class,2004,3987,5339,2507,1/1/14,877,266,743,Financing,11,1155,70
Subaru,Forester,2004,2930,3602,1786,1/18/14,550,324,467,Financing,1,1115,14
Nissan,Pathfinder,2004,1576,1816,1209,1/28/14,737,652,627,Financing,8,969,14
Jeep,Grand Cherokee,2004,2073,2527,2079,2/27/14,736,859,628,Financing,6,1625,31
Jeep,Wrangler,2004,4206,5112,2315,7/4/14,281,123,241,Financing,8,1409,73
Kia,Sorento,2004,3102,3837,2109,7/21/14,589,745,502,Financing,5,1373,87
Volkswagen,Jetta,2004,1488,2917,2538,9/3/14,219,117,191,Financing,2,1109,62
Volkswagen,Passat,2004,3286,4092,1688,10/16/14,317,508,273,Financing,5,883,62
Subaru,Impreza,2004,2075,3236,2912,12/9/14,113,590,97,Financing,7,1750,56
Ford,Escape,2004,1419,2470,1181,12/10/14,19,786,17,Financing,1,130,77
Volkswagen,Golf,2004,3990,5146,2027,1/10/15,18,477,16,Financing,8,871,27
Audi,A4,2004,3616,3924,700,2/5/15,189,494,164,Financing,3,392,13
BMW,3 Series,2004,2928,4316,1538,2/8/15,358,228,308,Financing,4,150,55
Jeep,Wrangler,2004,2009,2984,2593,2/12/15,997,193,846,Financing,1,1617,2
Mazda,Mazda3,2004,2392,3675,2691,4/18/15,804,458,684,Financing,6,1407,70
Jeep,Cherokee,2004,2487,3246,1415,5/18/15,603,328,512,Financing,9,656,29
Volvo,XC90,2004,1612,2295,1440,7/11/15,527,949,448,Financing,12,758,8
Kia,Sorento,2004,3700,4659,1447,8/12/15,346,721,297,Financing,11,488,72
Kia,Sportage,2004,4359,4706,1237,8/23/15,818,666,694,Financing,10,890,4
Mercedes-Benz,E-Class,2004,4008,4391,531,10/16/15,562,742,479,Financing,7,149,29
Dodge,Durango,2004,4361,5859,2554,11/28/15,163,595,139,Financing,3,1056,87
Kia,Optima,2004,4072,5029,1111,3/28/16,644,639,547,Financing,2,153,21
Kia,Sorento,2004,2203,2881,2361,4/23/16,898,182,761,Financing,3,1683,40
Nissan,Pathfinder,2004,3091,4568,1997,4/24/16,138,801,119,Financing,10,520,78
Mercedes-Benz,E-Class,2004,1689,3161,2198,5/29/16,730,344,623,Financing,10,726,87
Honda,Accord,2004,1810,2896,1442,6/6/16,670,644,572,Financing,11,356,61
Jeep,Wrangler,2004,3296,4432,2044,6/20/16,991,274,841,Financing,5,908,15
Honda,Accord,2004,2256,3295,2431,6/29/16,913,878,775,Financing,4,1392,5
Honda,Accord,2004,4325,5401,2326,7/1/16,401,134,342,Financing,6,1250,90
Toyota,Highlander,2004,1663,2131,1210,8/26/16,199,115,174,Financing,12,742,40
Nissan,Sentra,2004,3435,3876,698,9/17/16,695,647,593,Financing,10,257,88
Acura,MDX,2004,2309,2563,1376,9/21/16,381,931,328,Financing,9,1122,45
Subaru,Forester,2004,15395,17086,3230,10/8/16,463,141,394,Financing,4,1539,25
Volvo,XC90,2003,1010,2429,2372,1/4/14,844,980,715,Financing,11,953,3
Honda,Civic,2003,2617,3709,3001,4/3/14,949,682,806,Financing,12,1909,37
Honda,Civic,2003,1470,1789,2204,4/30/14,108,487,92,Financing,6,1886,75
Acura,MDX,2003,1076,2266,2709,5/1/14,865,674,734,Financing,1,1519,11
Acura,MDX,2003,4248,5588,1783,5/27/14,796,764,677,Financing,10,444,15
Kia,Optima,2003,1174,2591,2301,6/12/14,588,151,501,Financing,8,883,59
Mercedes-Benz,C-Class,2003,2103,2751,767,6/30/14,602,957,513,Financing,6,119,87
Honda,Civic,2003,4395,5297,2537,6/30/14,794,78,675,Financing,11,1635,79
Ford,Explorer,2003,3199,3388,1356,8/4/14,822,459,698,Financing,5,1167,54
Mercedes-Benz,E-Class,2003,2114,2651,2181,10/18/14,230,498,201,Financing,12,1643,66
Subaru,Forester,2003,4109,4449,973,10/28/14,832,552,707,Financing,6,633,47
Mercedes-Benz,E-Class,2003,2889,4356,1507,12/16/14,978,191,830,Financing,2,40,6
Jeep,Cherokee,2003,1465,1698,1310,2/6/15,123,372,106,Financing,10,1076,21
Kia,Sorento,2003,4486,4846,1666,2/22/15,246,119,212,Financing,3,1306,45
Honda,Pilot,2003,3118,4214,2467,3/3/15,967,569,820,Financing,1,1371,47
Volkswagen,Jetta,2003,4417,4922,901,3/12/15,795,260,676,Financing,4,395,73
Audi,A4,2003,4358,5513,3035,4/17/15,192,598,167,Financing,4,1881,68
Ford,Focus,2003,1401,2012,2566,4/19/15,334,609,288,Financing,11,1955,78
Jeep,Cherokee,2003,1467,2294,1781,6/28/15,336,303,287,Financing,11,954,66
Toyota,Highlander,2003,4339,4623,1637,7/9/15,956,780,811,Financing,10,1353,12
Hyundai,Sonata,2003,1738,2105,1962,7/20/15,579,956,492,Financing,6,1595,38
Kia,Sorento,2003,4009,5025,2571,7/20/15,937,776,796,Financing,7,1555,64
Toyota,RAV4,2003,1546,2351,1224,10/11/15,150,16,127,Financing,3,418,61
Ford,Focus,2003,3956,5001,2907,12/1/15,137,209,118,Financing,1,1862,49
Lexus,RX,2003,3899,4725,1566,12/9/15,610,538,518,Financing,3,740,41
Nissan,Pathfinder,2003,2292,3058,1660,1/30/16,902,466,765,Financing,4,894,41
Jeep,Wrangler,2003,1130,2487,3176,3/22/16,801,974,681,Financing,4,1819,37
Ford,Focus,2003,2876,3510,835,4/10/16,104,8,88,Financing,7,201,75
Dodge,Durango,2003,2463,2811,1033,4/11/16,505,424,428,Financing,1,685,78
Audi,A4,2003,1040,2268,3086,4/16/16,713,448,608,Financing,12,1858,32
Ford,Focus,2003,2558,3613,2268,4/27/16,911,989,773,Financing,6,1214,60
Nissan,Altima,2003,2912,4316,2712,5/17/16,652,159,552,Financing,6,1308,39
Volkswagen,Golf,2003,3141,4153,2339,6/10/16,372,305,321,Financing,9,1327,56
Lexus,IS,2003,1750,2863,2169,6/13/16,432,42,369,Financing,6,1056,63
Audi,A4,2003,3234,3580,911,8/30/16,501,623,425,Financing,8,565,40
Volkswagen,Passat,2003,4119,4454,487,9/27/16,406,311,347,Financing,3,152,60
Volkswagen,Jetta,2003,2699,3407,1539,10/9/16,56,792,49,Financing,8,831,50
Subaru,Impreza,2003,2214,3370,1157,11/7/16,289,29,250,Financing,6,1,69
Volkswagen,Jetta,2003,3365,3809,1889,12/23/16,397,411,340,Financing,6,1445,47
BMW,3 Series,2002,2009,2995,2411,4/28/14,939,469,798,Financing,10,1425,35
Kia,Optima,2002,2791,3623,2108,5/10/14,878,675,746,Financing,11,1275,48
Lexus,RX,2002,1945,2639,1030,5/16/14,693,339,591,Financing,9,335,62
Volkswagen,Jetta,2002,1754,2877,1610,6/11/14,630,750,536,Financing,9,487,17
Toyota,Highlander,2002,3454,4185,965,6/15/14,837,977,711,Financing,8,234,61
Volvo,S60,2002,4011,4989,989,6/30/14,722,449,616,Financing,12,11,7
Audi,A4,2002,2401,3423,2780,7/12/14,204,497,180,Financing,6,1757,26
Hyundai,Elantra,2002,2219,2783,707,8/10/14,810,767,687,Financing,7,143,88
Subaru,Legacy,2002,3477,4813,1727,10/20/14,147,377,125,Financing,7,391,63
Volvo,XC90,2002,2537,2734,1200,10/23/14,580,431,493,Financing,9,1003,9
Jeep,Cherokee,2002,2835,4098,2078,10/26/14,423,829,361,Financing,3,815,1
Audi,A4,2002,795,1056,1050,1/5/15,639,157,542,Financing,7,789,51
Jeep,Grand Cherokee,2002,3929,5177,3072,3/8/15,553,954,470,Financing,2,1823,82
BMW,3 Series,2002,3381,3759,809,3/8/15,665,642,565,Financing,10,431,66
Toyota,Highlander,2002,1812,2124,605,3/19/15,314,507,270,Financing,2,293,83
Toyota,Highlander,2002,1491,2660,2161,3/22/15,575,630,490,Financing,10,992,20
Subaru,Impreza,2002,1980,2891,2280,5/18/15,338,510,289,Financing,10,1369,51
BMW,X5,2002,3780,4928,2574,5/19/15,297,925,255,Financing,6,1426,76
BMW,5 Series,2002,2138,2726,1986,6/6/15,438,519,373,Financing,11,1398,47
Toyota,Camry,2002,919,2189,2903,6/16/15,319,31,274,Financing,8,1633,4
Honda,Civic,2002,1044,1754,2087,9/16/15,551,428,468,Financing,9,1377,55
Audi,A4,2002,1190,2428,1359,11/10/15,10,784,8,Financing,1,121,49
Ford,Escape,2002,1361,2031,1431,7/13/16,684,338,582,Financing,3,761,44
Nissan,Sentra,2002,873,1191,2078,10/7/16,294,221,253,Financing,4,1759,75
Dodge,Durango,2002,2615,3840,2485,10/22/16,632,637,537,Financing,12,1260,26
Nissan,Altima,2002,4051,4391,2027,10/23/16,557,533,474,Financing,12,1688,23
Mercedes-Benz,E-Class,2002,1362,1968,702,10/28/16,203,496,178,Financing,11,95,6
Nissan,Sentra,2002,1303,1501,884,11/8/16,50,106,44,Financing,5,686,72
Toyota,Corolla,2002,2303,2647,488,11/20/16,324,301,279,Financing,11,143,72
Kia,Optima,2002,15350,17649,3666,12/23/16,139,374,120,Financing,10,1367,90
Audi,A6,2001,4353,5475,1919,1/31/14,453,417,385,Financing,9,797,38
Subaru,Forester,2001,1011,1893,2030,3/1/14,563,149,478,Financing,5,1148,36
Lexus,RX,2001,812,1473,2592,4/7/14,702,164,599,Financing,11,1931,70
Kia,Optima,2001,3189,3460,1393,5/22/14,764,455,649,Financing,3,1122,13
Hyundai,Santa Fe,2001,4242,5327,1642,7/19/14,223,290,194,Financing,7,556,9
Toyota,Camry,2001,2341,3701,2486,8/22/14,2,194,1,Financing,8,1126,25
Kia,Optima,2001,881,1498,933,9/20/14,68,692,58,Financing,1,315,66
Lexus,IS,2001,3175,3773,1454,9/28/14,38,104,32,Financing,8,856,85
Volkswagen,Golf,2001,3915,4161,2040,11/23/14,332,226,284,Financing,4,1794,15
Volvo,XC90,2001,1409,2672,2848,12/7/14,88,111,74,Financing,7,1585,29
Dodge,Durango,2001,2968,3150,794,1/5/15,574,430,489,Financing,4,612,12
Honda,Civic,2001,3186,3413,1445,2/12/15,429,830,367,Financing,10,1218,87
Lexus,RX,2001,4218,4608,1216,2/14/15,743,549,631,Financing,9,825,40
Ford,Explorer,2001,4331,5751,2302,3/27/15,996,574,847,Financing,5,882,47
Kia,Sportage,2001,1638,2400,1948,4/8/15,834,177,709,Financing,6,1186,49
Toyota,Highlander,2001,809,2104,2977,5/12/15,683,855,583,Financing,1,1682,59
Toyota,Highlander,2001,1656,1974,2248,6/17/15,321,400,276,Financing,11,1930,89
BMW,5 Series,2001,875,1035,1603,7/19/15,396,515,339,Financing,4,1443,23
Honda,Accord,2001,3716,5121,3086,9/16/15,870,771,738,Financing,7,1680,72
Volkswagen,Passat,2001,3174,3378,766,10/17/15,51,791,46,Financing,3,562,26
Subaru,Legacy,2001,2378,3711,2860,11/12/15,425,136,363,Financing,6,1527,21
Honda,CR-V,2001,3418,4156,2035,12/29/15,65,197,57,Financing,11,1297,79
Subaru,Legacy,2001,1847,3259,2895,1/6/16,194,114,170,Financing,6,1484,18
Toyota,Camry,2001,4108,5550,3362,1/27/16,409,38,350,Financing,8,1919,68
Nissan,Altima,2001,2878,4316,2855,3/1/16,758,658,643,Financing,7,1417,42
Honda,Civic,2001,4393,5657,1667,5/4/16,386,307,332,Financing,4,403,26
Jeep,Cherokee,2001,3500,4447,1164,5/9/16,662,961,563,Financing,12,217,73
Lexus,RX,2001,3530,4466,1711,6/24/16,733,756,624,Financing,11,775,18
Subaru,Impreza,2001,2263,3564,2949,7/17/16,746,654,633,Financing,12,1649,55
Toyota,Highlander,2001,3177,4559,2182,7/30/16,420,517,359,Financing,1,800,86
Acura,MDX,2001,1696,2554,2392,9/9/16,340,611,291,Financing,4,1534,51
Volkswagen,Jetta,2001,4441,5331,1951,9/9/16,479,941,406,Financing,11,1060,84
Subaru,Legacy,2001,3559,3942,1256,9/22/16,781,862,664,Financing,10,872,49
Kia,Optima,2001,1816,2324,1745,10/10/16,835,669,710,Financing,9,1238,9
Volvo,S60,2001,4374,4772,2200,10/18/16,354,614,304,Financing,2,1802,29
Ford,Focus,2001,3250,3736,1633,11/8/16,328,302,281,Financing,4,1147,32
Mercedes-Benz,E-Class,2000,3651,4011,1073,1/27/14,886,267,751,Financing,9,713,62
Audi,A6,2000,4024,4759,1244,2/2/14,404,516,344,Financing,6,509,62
Subaru,Forester,2000,3033,4160,1836,2/7/14,253,500,218,Financing,1,709,20
Volvo,XC90,2002,4204,5041,1040,2/18/14,932,468,792,Financing,4,202,66
Jeep,Wrangler,2000,4214,4367,623,3/25/14,952,683,808,Financing,12,470,20
Honda,Accord,2000,1955,2958,1024,3/30/14,35,4,30,Financing,5,21,74
Honda,Accord,2000,2958,4046,2750,5/17/14,513,946,435,Financing,10,1662,8
Nissan,Pathfinder,2000,3348,3513,609,6/24/14,882,90,749,Financing,4,444,69
Chevrolet,Malibu,2000,1536,2980,2681,9/4/14,11,785,10,Financing,7,1238,85
Kia,Sportage,2000,884,1243,1430,1/17/15,164,492,140,Financing,11,1071,78
Nissan,Altima,2000,4342,4680,1366,2/22/15,183,380,157,Financing,9,1028,57
Chevrolet,Malibu,2000,1285,2685,3098,3/1/15,148,592,126,Financing,9,1698,48
BMW,3 Series,2000,3009,3759,2689,3/28/15,424,312,362,Financing,9,1939,46
Mercedes-Benz,C-Class,2000,3826,4262,1061,4/8/15,508,624,430,Financing,2,625,66
Hyundai,Elantra,2000,1221,1829,1402,4/11/15,856,672,726,Financing,12,794,67
Lexus,IS,2000,4032,4513,1416,5/20/15,593,56,505,Financing,3,935,9
Audi,A6,2000,1038,1464,2131,6/13/15,45,196,37,Financing,3,1705,45
Jeep,Wrangler,2000,3442,3969,982,6/26/15,800,973,681,Financing,4,454,59
Hyundai,Santa Fe,2000,1219,2675,2071,8/31/15,741,758,629,Financing,9,616,3
Audi,A6,2000,1458,1642,1158,11/21/15,46,790,40,Financing,3,975,62
Hyundai,Elantra,2000,3552,3821,359,11/26/15,885,772,751,Financing,11,90,45
Subaru,Impreza,2000,2555,4021,2709,12/16/15,896,94,758,Financing,3,1243,88
Ford,F-150,2000,2898,3845,1618,12/18/15,923,775,784,Financing,8,671,39
Hyundai,Sonata,2000,4048,4299,1822,1/12/16,765,345,650,Financing,7,1571,18
Honda,CR-V,2000,1271,2336,1870,1/18/16,28,102,23,Financing,2,805,69
Volvo,XC90,2002,2675,3644,2643,1/24/16,374,727,322,Financing,9,1675,29
Subaru,Outback,2000,1833,2268,1003,1/25/16,823,460,699,Financing,8,568,74
Toyota,Corolla,2000,2051,2260,2062,2/5/16,613,635,520,Financing,7,1853,17
Nissan,Altima,2000,2336,2664,584,2/5/16,998,575,848,Financing,6,255,78
Volvo,XC90,2000,1994,2525,1781,3/6/16,935,883,795,Financing,7,1250,17
Hyundai,Elantra,2000,920,2104,2081,4/9/16,633,156,539,Financing,4,896,62
Ford,F-150,2000,4260,4449,441,4/30/16,491,737,417,Financing,3,252,56
Lexus,RX,2000,3135,4128,2085,6/29/16,812,351,689,Financing,4,1092,62
Toyota,Camry,2000,4153,4798,835,7/7/16,490,523,416,Financing,8,190,51
BMW,5 Series,2000,2301,2761,2094,10/11/16,361,725,311,Financing,9,1634,86
Ford,Explorer,2000,1020,1290,1522,10/31/16,846,870,719,Financing,4,1253,73
Honda,Civic,2000,2780,3969,2711,11/2/16,145,113,124,Financing,6,1522,86